time_stats.mla_q_down_proj.min,time_stats.mla_q_down_proj.max,time_stats.mla_q_down_proj.mean,time_stats.mla_q_down_proj.median,time_stats.mla_q_down_proj.std,time_stats.mla_q_up_proj.min,time_stats.mla_q_up_proj.max,time_stats.mla_q_up_proj.mean,time_stats.mla_q_up_proj.median,time_stats.mla_q_up_proj.std,time_stats.mla_kv_down_proj.min,time_stats.mla_kv_down_proj.max,time_stats.mla_kv_down_proj.mean,time_stats.mla_kv_down_proj.median,time_stats.mla_kv_down_proj.std,time_stats.mla_kv_up_proj.min,time_stats.mla_kv_up_proj.max,time_stats.mla_kv_up_proj.mean,time_stats.mla_kv_up_proj.median,time_stats.mla_kv_up_proj.std,time_stats.mla_rope.min,time_stats.mla_rope.max,time_stats.mla_rope.mean,time_stats.mla_rope.median,time_stats.mla_rope.std,time_stats.mla_attn_score.min,time_stats.mla_attn_score.max,time_stats.mla_attn_score.mean,time_stats.mla_attn_score.median,time_stats.mla_attn_score.std,time_stats.mla_o_proj.min,time_stats.mla_o_proj.max,time_stats.mla_o_proj.mean,time_stats.mla_o_proj.median,time_stats.mla_o_proj.std,time_stats.mla_block_norm.min,time_stats.mla_block_norm.max,time_stats.mla_block_norm.mean,time_stats.mla_block_norm.median,time_stats.mla_block_norm.std,time_stats.mla_block_residual.min,time_stats.mla_block_residual.max,time_stats.mla_block_residual.mean,time_stats.mla_block_residual.median,time_stats.mla_block_residual.std,num_tokens,hidden_size,num_heads,kv_lora_rank,q_lora_rank,qk_nope_head_dim,qk_rope_head_dim,v_head_dim
0.001,0.001,0.0010000000000000002,0.001,2.168404344971009e-19,0.001,0.0010231120000764222,0.0010023112000076423,0.001,6.93360002292666e-06,0.001,0.001,0.0010000000000000002,0.001,2.168404344971009e-19,0.001,0.001,0.0010000000000000002,0.001,2.168404344971009e-19,0.001,0.001,0.0010000000000000002,0.001,2.168404344971009e-19,0.001,0.001,0.0010000000000000002,0.001,2.168404344971009e-19,0.0027285156248234546,0.003197194298881612,0.0029960293584443236,0.003017715349150819,0.00015004381255250286,0.001,0.001,0.0010000000000000002,0.001,2.168404344971009e-19,0.001,0.001,0.0010000000000000002,0.001,2.168404344971009e-19,1,7168,128,512,1536,128,64,128
0.001,0.001,0.0010000000000000002,0.001,2.168404344971009e-19,0.0017057073935454576,0.002084351711068424,0.0018952389205757903,0.0018728924756098958,0.00010499991251443251,0.001,0.001,0.0010000000000000002,0.001,2.168404344971009e-19,0.001,0.001,0.0010000000000000002,0.001,2.168404344971009e-19,0.001,0.001,0.0010000000000000002,0.001,2.168404344971009e-19,0.001,0.001,0.0010000000000000002,0.001,2.168404344971009e-19,0.005259564155152388,0.006250848133157632,0.0057962145696029335,0.005778548846789378,0.0003299583966281002,0.001,0.001,0.0010000000000000002,0.001,2.168404344971009e-19,0.001,0.001,0.0010000000000000002,0.001,2.168404344971009e-19,2,7168,128,512,1536,128,64,128
0.001,0.001,0.0010000000000000002,0.001,2.168404344971009e-19,0.0026443327482961717,0.0030370526830125295,0.0028395501347296373,0.002807197877582264,0.00011536409175997225,0.001,0.001,0.0010000000000000002,0.001,2.168404344971009e-19,0.0011341672657541112,0.0013780876369087103,0.001219704533764993,0.001215646712982187,7.206271474198346e-05,0.001,0.001,0.0010000000000000002,0.001,2.168404344971009e-19,0.001,0.001,0.0010000000000000002,0.001,2.168404344971009e-19,0.007870929202315564,0.0095887923922071,0.008827099568027942,0.00877877432900456,0.00042559702087884645,0.001,0.001,0.0010000000000000002,0.001,2.168404344971009e-19,0.001,0.001,0.0010000000000000002,0.001,2.168404344971009e-19,3,7168,128,512,1536,128,64,128
0.0010081968459230606,0.0011999772165337545,0.0010972871022247247,0.0010924064897513772,5.136570328011905e-05,0.0035254668235637173,0.0040991472232153455,0.0037404642051205375,0.0037408432931386225,0.00017257681199697728,0.001,0.001,0.0010000000000000002,0.001,2.168404344971009e-19,0.0015973977529735377,0.0018351605484317444,0.0017073155238046818,0.0017021542405149899,6.51211256565299e-05,0.001,0.001,0.0010000000000000002,0.001,2.168404344971009e-19,0.001,0.001,0.0010000000000000002,0.001,2.168404344971009e-19,0.011225626986764818,0.01263301950925282,0.011899333143104415,0.011838096360349798,0.00045723422324441047,0.001,0.001,0.0010000000000000002,0.001,2.168404344971009e-19,0.001,0.001,0.0010000000000000002,0.001,2.168404344971009e-19,4,7168,128,512,1536,128,64,128
0.0012445786206844811,0.0014575914935609307,0.0013875215957302035,0.0014061631273160546,6.668018937413353e-05,0.004130458307369889,0.004883505898032772,0.004572944543258843,0.004614064874753117,0.0002227958514450844,0.001,0.001,0.0010000000000000002,0.001,2.168404344971009e-19,0.001976606011142616,0.0022419761881286495,0.002117004826706539,0.002101854129779648,6.653819002187214e-05,0.001,0.001,0.0010000000000000002,0.001,2.168404344971009e-19,0.001,0.001,0.0010000000000000002,0.001,2.168404344971009e-19,0.014044438445604199,0.015800237766142707,0.014816120867710923,0.014864665626519124,0.0005085668245809167,0.001,0.001,0.0010000000000000002,0.001,2.168404344971009e-19,0.001,0.001,0.0010000000000000002,0.001,2.168404344971009e-19,5,7168,128,512,1536,128,64,128
0.001549705216676266,0.0017601221384821464,0.0016455631865647503,0.001644216696642769,7.55772798821839e-05,0.00539047434994939,0.006105920541720847,0.005802346940206957,0.005838868778156016,0.00021717858829017642,0.001,0.001,0.0010000000000000002,0.001,2.168404344971009e-19,0.0022443586284270033,0.0026459422125396388,0.002508930997435015,0.002560623449545595,0.00012527695438618947,0.001,0.001,0.0010000000000000002,0.001,2.168404344971009e-19,0.001,0.001,0.0010000000000000002,0.001,2.168404344971009e-19,0.017235968756184532,0.01887750744526791,0.01810125095640245,0.018151285570961774,0.0005012610870309007,0.001,0.001,0.0010000000000000002,0.001,2.168404344971009e-19,0.001,0.001,0.0010000000000000002,0.001,2.168404344971009e-19,6,7168,128,512,1536,128,64,128
0.0017649189542184819,0.00208522703959367,0.0019259923015820097,0.0019209519068379764,7.481585493592135e-05,0.005793688151704359,0.007125233527640537,0.006473841408567041,0.006385399712478762,0.0004302087815146914,0.001,0.001,0.0010000000000000002,0.001,2.168404344971009e-19,0.0027273355874764408,0.0031190988394336596,0.0029424458997153046,0.0029301022502261614,0.00013988142843404308,0.001,0.001,0.0010000000000000002,0.001,2.168404344971009e-19,0.001,0.001,0.0010000000000000002,0.001,2.168404344971009e-19,0.01886043231506998,0.021953718196277536,0.020335917503838553,0.0203971339001763,0.0008992200777930923,0.001,0.001,0.0010000000000000002,0.001,2.168404344971009e-19,0.001,0.001,0.0010000000000000002,0.001,2.168404344971009e-19,7,7168,128,512,1536,128,64,128
0.001999684464519836,0.0023704655108785543,0.0021999286548817993,0.002165196598755401,0.00011284140223120308,0.006608446775373367,0.007994219678771779,0.007581388464829914,0.007673289669648449,0.0003785926647752791,0.001,0.001,0.0010000000000000002,0.001,2.168404344971009e-19,0.0030636541709368804,0.0035343042861425943,0.0034351305485344026,0.0034754672239474295,0.0001319243523957562,0.001,0.001,0.0010000000000000002,0.001,2.168404344971009e-19,0.001,0.001,0.0010000000000000002,0.001,2.168404344971009e-19,0.022849982243376598,0.025185122880455706,0.02387317066400381,0.023557501160630136,0.0007961412297674309,0.001,0.001,0.0010000000000000002,0.001,2.168404344971009e-19,0.001,0.001,0.0010000000000000002,0.001,2.168404344971009e-19,8,7168,128,512,1536,128,64,128
0.0022950389622911666,0.0026578886740068306,0.0025422062534855155,0.0025646289251624217,0.0001116072419356697,0.007628778535424657,0.009026776245080552,0.008305655946059495,0.008296593569416186,0.0003836061885836369,0.001,0.0010117136564606482,0.0010011713656460648,0.001,3.5140969381944636e-06,0.0036801626642414442,0.0040671920258543584,0.0038241360862579614,0.0037940346683639353,0.00011467734503667869,0.001,0.001,0.0010000000000000002,0.001,2.168404344971009e-19,0.001,0.001,0.0010000000000000002,0.001,2.168404344971009e-19,0.02384758043170444,0.02914859540082311,0.02650996420814216,0.026727871464743706,0.0013471208853969283,0.001,0.001,0.0010000000000000002,0.001,2.168404344971009e-19,0.001,0.001,0.0010000000000000002,0.001,2.168404344971009e-19,9,7168,128,512,1536,128,64,128
0.0026559784005285494,0.0029010357500726305,0.0027785604971115848,0.0027763798626364903,7.905605852413778e-05,0.008573402329143233,0.010129864991736695,0.00938545570428773,0.009420435620837983,0.00041911938438456186,0.001,0.001116078056826083,0.0010505431401222043,0.0010439860741578624,4.147058609234249e-05,0.003887607699372953,0.004473085547161788,0.004193453022461135,0.0042122411910552725,0.0001906686759904282,0.001,0.001,0.0010000000000000002,0.001,2.168404344971009e-19,0.001,0.001,0.0010000000000000002,0.001,2.168404344971009e-19,0.02589143566031684,0.032124207307731835,0.029203166665456144,0.029076098200690507,0.0017692606831770953,0.001,0.001,0.0010000000000000002,0.001,2.168404344971009e-19,0.001,0.001,0.0010000000000000002,0.001,2.168404344971009e-19,10,7168,128,512,1536,128,64,128
0.0027212436396376544,0.0032462054419600457,0.0030324371203101657,0.003047998153924722,0.00014378567858233104,0.009632095562360428,0.011441697230570671,0.010433493352815102,0.010357445780609868,0.00045962683622230405,0.0010811402448512183,0.0012598441267518692,0.0011527014640342194,0.0011535328488459042,5.252398750361137e-05,0.003986809145178139,0.0047951575711546145,0.00446192887594416,0.004499765436833691,0.00021687074733422996,0.001,0.001,0.0010000000000000002,0.001,2.168404344971009e-19,0.001,0.001,0.0010000000000000002,0.001,2.168404344971009e-19,0.027816100032184994,0.03481384008318917,0.03201931104810006,0.032852918367846984,0.002263728321920456,0.001,0.001,0.0010000000000000002,0.001,2.168404344971009e-19,0.001,0.001,0.0010000000000000002,0.001,2.168404344971009e-19,11,7168,128,512,1536,128,64,128
0.003075614656324917,0.00363987014401716,0.0033084864129661285,0.0032803495599320475,0.00015914616619554142,0.010377987039332497,0.011627416157156024,0.01131410372826269,0.011421795772100382,0.0003409036766566287,0.0011263597272884313,0.0013348042711936862,0.001274372349405041,0.0012804371753663934,5.706551299615496e-05,0.004808092545157776,0.005362425795186213,0.00503219470296925,0.0050203672721538025,0.00014481255297701687,0.001,0.001,0.0010000000000000002,0.001,2.168404344971009e-19,0.001,0.001,0.0010000000000000002,0.001,2.168404344971009e-19,0.03266087640430585,0.039753277485495044,0.03562576321867716,0.035196877563026405,0.0018643102019713887,0.001,0.001,0.0010000000000000002,0.001,2.168404344971009e-19,0.001,0.001,0.0010000000000000002,0.001,2.168404344971009e-19,12,7168,128,512,1536,128,64,128
0.0033375847262164587,0.0036534722343226863,0.0035399569288163215,0.0035573560224955512,8.919233867690854e-05,0.011503142950597421,0.013122121502546007,0.012433529741219692,0.012541319755163358,0.000578753103436516,0.0012458676763539402,0.0014214378285382413,0.0013249623573707554,0.0013171181220075928,5.734858048050332e-05,0.005167609041285151,0.005747155685041702,0.005436998212875766,0.005381550272644883,0.00017086418881248977,0.001,0.001,0.0010000000000000002,0.001,2.168404344971009e-19,0.001,0.001,0.0010000000000000002,0.001,2.168404344971009e-19,0.03523793790181582,0.04143382111120115,0.03788283290044502,0.03797636280886497,0.001954887371632169,0.001,0.001,0.0010000000000000002,0.001,2.168404344971009e-19,0.001,0.001,0.0010000000000000002,0.001,2.168404344971009e-19,13,7168,128,512,1536,128,64,128
0.0036494659377313745,0.004075967407713308,0.0038683409761843105,0.0038708962475546933,0.0001320579609078755,0.012116323380644587,0.013578962663433143,0.012921898441724616,0.012882560631710577,0.00047644013799318417,0.001358923028478462,0.0016041017370950713,0.0014513621646233443,0.0014181039744647589,8.159864178505833e-05,0.005513447338900873,0.006273876511333974,0.005826630509310942,0.005782980405856286,0.00022888104439889592,0.001,0.001,0.0010000000000000002,0.001,2.168404344971009e-19,0.001,0.001,0.0010000000000000002,0.001,2.168404344971009e-19,0.03836876898989806,0.045073225908075415,0.04144550734842049,0.04120884158084746,0.002354462558339154,0.001,0.001,0.0010000000000000002,0.001,2.168404344971009e-19,0.001,0.001,0.0010000000000000002,0.001,2.168404344971009e-19,14,7168,128,512,1536,128,64,128
0.00387521420586621,0.004615628738269717,0.0042448274503543056,0.004297823341284469,0.0002159794540412423,0.013669558828962555,0.015111409567701977,0.014383638602109533,0.01435861658861562,0.0004412539714201227,0.001417486011057117,0.0016319484746695103,0.0015369529283790662,0.001543482877063167,6.319912080321706e-05,0.005699376261825618,0.0065719596678480725,0.006193241746453523,0.00619982719240681,0.0002652264339601977,0.001,0.001,0.0010000000000000002,0.001,2.168404344971009e-19,0.001,0.001,0.0010000000000000002,0.001,2.168404344971009e-19,0.04174937329243963,0.0476156947255785,0.04400654296678698,0.04384090711453416,0.0016820290372565705,0.001,0.001,0.0010000000000000002,0.001,2.168404344971009e-19,0.001,0.001,0.0010000000000000002,0.001,2.168404344971009e-19,15,7168,128,512,1536,128,64,128
0.003970334254630995,0.004727268435140817,0.004449021400989554,0.004536809600959028,0.00024905222347233096,0.014482729650020816,0.01602898029505255,0.015059060830367958,0.014782320126765353,0.0005797847300611034,0.001545327278975681,0.0018025748551531771,0.0016650751574295221,0.0016748249705816143,7.89939033718092e-05,0.006148748181276435,0.007240834513236118,0.006856761159481728,0.006864408027035156,0.00031525844848818106,0.001,0.001,0.0010000000000000002,0.001,2.168404344971009e-19,0.001,0.001,0.0010000000000000002,0.001,2.168404344971009e-19,0.042882968478082456,0.048549771584124136,0.04553668695172905,0.04497315946106735,0.0020560098604622762,0.001,0.001,0.0010000000000000002,0.001,2.168404344971009e-19,0.001,0.001,0.0010000000000000002,0.001,2.168404344971009e-19,16,7168,128,512,1536,128,64,128
0.004362967564919026,0.005119982090253823,0.00475899804607526,0.00478902866268424,0.0002651843710093184,0.01409391630244628,0.017353732494299348,0.015784788710896447,0.015731889606965213,0.0008372964963614884,0.0015727683822730329,0.0018810624473379308,0.001749786304655783,0.001749440151002972,8.74690081070596e-05,0.0067407651547690805,0.007807425340444041,0.007121398183696713,0.007107462256593439,0.0002921739443139354,0.001,0.001,0.0010000000000000002,0.001,2.168404344971009e-19,0.001,0.001,0.0010000000000000002,0.001,2.168404344971009e-19,0.04566164386944946,0.05278660397748184,0.04925059911252457,0.04927746420774302,0.002034463493197721,0.001,0.001,0.0010000000000000002,0.001,2.168404344971009e-19,0.001,0.001,0.0010000000000000002,0.001,2.168404344971009e-19,17,7168,128,512,1536,128,64,128
0.004798418163916678,0.005401617814694607,0.005109189495386249,0.005110045260544537,0.0001808623785777652,0.015806672656336954,0.019493208972232726,0.01722132114963447,0.017208791533952248,0.0011609971892253734,0.0017831183621990951,0.001981089289862574,0.0018896730923322728,0.0018878841793217001,6.105808333953052e-05,0.0069918519820413695,0.00813507801920624,0.007621435524132187,0.007612752808438409,0.0003072216021692785,0.001,0.001,0.0010000000000000002,0.001,2.168404344971009e-19,0.001,0.001,0.0010000000000000002,0.001,2.168404344971009e-19,0.04894774145189762,0.05600701065286848,0.05206667684832107,0.05150546348987537,0.0026322766051880167,0.001,0.001,0.0010000000000000002,0.001,2.168404344971009e-19,0.001,0.001,0.0010000000000000002,0.001,2.168404344971009e-19,18,7168,128,512,1536,128,64,128
0.00512642411987487,0.005472542913355263,0.005299441426745917,0.005295910379078801,0.000112570827213606,0.017276388621828207,0.01972726810210833,0.018300459058789877,0.018196849210998442,0.0007018796174367491,0.001890531514921864,0.002066666840668609,0.0019699282111610844,0.001970726341336306,4.670986382049522e-05,0.0070417934953042475,0.008610362095930751,0.007867743226845931,0.007893037073280113,0.0004446346105283918,0.001,0.001,0.0010000000000000002,0.001,2.168404344971009e-19,0.001,0.001,0.0010000000000000002,0.001,2.168404344971009e-19,0.05220218538792964,0.05885009895294774,0.05662766319227404,0.05692143348878395,0.0018264869700897813,0.001,0.001,0.0010000000000000002,0.001,2.168404344971009e-19,0.001,0.001,0.0010000000000000002,0.001,2.168404344971009e-19,19,7168,128,512,1536,128,64,128
0.004964904131242036,0.006223134197157861,0.0054906585755211835,0.005512290084824074,0.0003319099554776136,0.017610156087463566,0.02057278311231022,0.018713502446642646,0.01860050832131222,0.0009143901574461968,0.0019876447095606886,0.0021670049372680524,0.0020772011896825456,0.002067525557975586,5.611144351617211e-05,0.007885537213746428,0.009388917810632875,0.008517827282282075,0.008394626794699211,0.0004592375957771173,0.001,0.001,0.0010000000000000002,0.001,2.168404344971009e-19,0.001,0.001,0.0010000000000000002,0.001,2.168404344971009e-19,0.05566582527740958,0.0625562119581659,0.059033608503313684,0.05883344122903325,0.0018213510898071052,0.001,0.001,0.0010000000000000002,0.001,2.168404344971009e-19,0.001,0.001,0.0010000000000000002,0.001,2.168404344971009e-19,20,7168,128,512,1536,128,64,128
0.005485315246415208,0.006013462645013133,0.005740632447462766,0.005710797316016914,0.0001476709686043386,0.018868397955528204,0.022462469212863923,0.02021041165170705,0.019862622906742036,0.0011400049396633658,0.0020335791483465813,0.002303924427699276,0.0021466193809571215,0.0020953398417298172,9.85936381749013e-05,0.008304456452075356,0.009660544758834702,0.008857833090796163,0.008922668784545024,0.0004176968432361543,0.001,0.001,0.0010000000000000002,0.001,2.168404344971009e-19,0.001,0.001,0.0010000000000000002,0.001,2.168404344971009e-19,0.055942316232268835,0.06651429721609546,0.06224935975557304,0.06262997637719442,0.0031355515555175255,0.001,0.001,0.0010000000000000002,0.001,2.168404344971009e-19,0.001,0.001,0.0010000000000000002,0.001,2.168404344971009e-19,21,7168,128,512,1536,128,64,128
0.005513582559790095,0.006631883198943028,0.006020762270270273,0.005919471590973302,0.00039278059483491203,0.01787271532076436,0.021734516029141164,0.02056765136107538,0.020926712146782215,0.0011040419787056754,0.002102219578785218,0.002429535155786403,0.0022278856895125306,0.002220144368355144,0.00011337042955160111,0.008576193910821008,0.010305101629419043,0.009427687402437827,0.009392250124702614,0.0004917826016193825,0.001,0.001,0.0010000000000000002,0.001,2.168404344971009e-19,0.001,0.001,0.0010000000000000002,0.001,2.168404344971009e-19,0.06349591074226635,0.06755678019703282,0.06565686597955757,0.06581976055302172,0.0013115659847483835,0.001,0.001,0.0010000000000000002,0.001,2.168404344971009e-19,0.001,0.001,0.0010000000000000002,0.001,2.168404344971009e-19,22,7168,128,512,1536,128,64,128
0.006114538888372834,0.006914942265158459,0.006533582750045097,0.0065609708931478935,0.0002572904982102683,0.020078705436484674,0.02306097062790684,0.021325440076933863,0.02130975660342677,0.0008473942877000975,0.002196242748306379,0.002611297481501948,0.00238237776559755,0.002378921356980852,0.00011097214678504466,0.008857781764105599,0.01036507261191443,0.009595112298250356,0.009515734316570407,0.0004916559606473524,0.001,0.001,0.0010000000000000002,0.001,2.168404344971009e-19,0.001,0.001,0.0010000000000000002,0.001,2.168404344971009e-19,0.06209625164428797,0.07173334941454065,0.06636598991003842,0.06634289022854685,0.002951064536043068,0.001,0.001,0.0010000000000000002,0.001,2.168404344971009e-19,0.001,0.001,0.0010000000000000002,0.001,2.168404344971009e-19,23,7168,128,512,1536,128,64,128
0.005980356261251468,0.0073166572810783636,0.006638564857853394,0.006657573253199637,0.00042832519234942026,0.020086577906677713,0.023410292430742725,0.021839771251632955,0.022036992547232875,0.001024623124019193,0.0020801937284956884,0.0026683541211984653,0.0023836410452310447,0.0023867796075286154,0.0001464272387104711,0.009127359459404977,0.010928470764433658,0.009997982611049163,0.009996313909104262,0.0004749742556479242,0.001,0.001,0.0010000000000000002,0.001,2.168404344971009e-19,0.001,0.001,0.0010000000000000002,0.001,2.168404344971009e-19,0.065029046872639,0.07761421734084158,0.07263772438882488,0.07281558843630115,0.0035203220605224896,0.001,0.001,0.0010000000000000002,0.001,2.168404344971009e-19,0.001,0.001,0.0010000000000000002,0.001,2.168404344971009e-19,24,7168,128,512,1536,128,64,128
0.006664571649119109,0.007212983790044166,0.006886421484225894,0.006897821488497331,0.00018779850042813974,0.0227881050926874,0.025645720445849306,0.02372863365416086,0.023685006189847174,0.0007314241511678588,0.002381254095603343,0.0026326997603200925,0.0025214303925349584,0.002524855507383364,7.544713784228369e-05,0.010140605506611259,0.011366586395448842,0.010492105220098703,0.010292523282956916,0.0004355138572267355,0.001,0.001,0.0010000000000000002,0.001,2.168404344971009e-19,0.001,0.001,0.0010000000000000002,0.001,2.168404344971009e-19,0.06860335486976846,0.07892779968382463,0.07309932930349121,0.07315087995358974,0.002721109986533282,0.001,0.001,0.0010000000000000002,0.001,2.168404344971009e-19,0.001,0.001,0.0010000000000000002,0.001,2.168404344971009e-19,25,7168,128,512,1536,128,64,128
0.006626620295547573,0.007356011150404265,0.007086786169392794,0.007102436010278394,0.00021299988383247507,0.022480640891564832,0.025250243145394053,0.023844657133633308,0.023814166483031723,0.0008424898116683505,0.0024949542297739366,0.002761937267875683,0.0026435502519462943,0.002663789236073257,7.888384427042578e-05,0.010179010543362796,0.011846895216833811,0.010819781467470757,0.010714417610447655,0.0005526325545310245,0.001,0.001,0.0010000000000000002,0.001,2.168404344971009e-19,0.001,0.001,0.0010000000000000002,0.001,2.168404344971009e-19,0.06822564288342049,0.08038133054762736,0.0761623948026468,0.07714281777892157,0.0033296380123365686,0.001,0.001,0.0010000000000000002,0.001,2.168404344971009e-19,0.001,0.001,0.0010000000000000002,0.001,2.168404344971009e-19,26,7168,128,512,1536,128,64,128
0.0065718579085415375,0.008063473569901386,0.007523489691645556,0.007599423988839638,0.00037852667819276753,0.02384641443182684,0.027026043129618395,0.025598300629350042,0.025613147490033523,0.0009109376299532901,0.0026269469827154375,0.0029464115812330095,0.0028005290416557695,0.002781999473491172,0.00010187275628238983,0.010587390078439122,0.01208456603067906,0.011299631168483723,0.011268211737809192,0.0004239918044936731,0.001,0.001,0.0010000000000000002,0.001,2.168404344971009e-19,0.001,0.001,0.0010000000000000002,0.001,2.168404344971009e-19,0.07490124135913756,0.08801895346786855,0.08055796591279997,0.07902057771278803,0.003939249131987164,0.001,0.001,0.0010000000000000002,0.001,2.168404344971009e-19,0.001,0.001,0.0010000000000000002,0.001,2.168404344971009e-19,27,7168,128,512,1536,128,64,128
0.007094568912523142,0.00832240538355624,0.007524687118203652,0.00745830162188556,0.00033494177168013093,0.022566755179601015,0.028756495879145128,0.02684434786315733,0.026969848787635736,0.0017002689411103268,0.0027055818273214304,0.002984011977638566,0.0028974274048112936,0.002920062005745197,8.202846117645539e-05,0.010660181577958049,0.012161956424559892,0.01152176838068646,0.011546432722522374,0.0004851113074677044,0.001,0.001,0.0010000000000000002,0.001,2.168404344971009e-19,0.001,0.001,0.0010000000000000002,0.001,2.168404344971009e-19,0.07585043034075947,0.08712673058401135,0.08082445710861128,0.08085624018454177,0.003504421852007518,0.001,0.001,0.0010000000000000002,0.001,2.168404344971009e-19,0.001,0.001,0.0010000000000000002,0.001,2.168404344971009e-19,28,7168,128,512,1536,128,64,128
0.007218526865719544,0.008938341798591647,0.008102967768870002,0.008011161001171281,0.0005519530613517664,0.02578643263396155,0.028691027448743783,0.027672387672809173,0.027820394692506897,0.0008517345314185882,0.0024921285730441453,0.0031485661116731197,0.00293356804482716,0.0029351892678738936,0.00019399665524906827,0.01101776340945606,0.013265611188337075,0.012150831582403682,0.0120487907592722,0.0005592877379440852,0.001,0.001,0.0010000000000000002,0.001,2.168404344971009e-19,0.001,0.001,0.0010000000000000002,0.001,2.168404344971009e-19,0.0734808313795445,0.09685691131989539,0.08490886631816988,0.08456171797467121,0.0062824268722658245,0.001,0.001,0.0010000000000000002,0.001,2.168404344971009e-19,0.001,0.001,0.0010000000000000002,0.001,2.168404344971009e-19,29,7168,128,512,1536,128,64,128
0.007142055540511539,0.008801485708269339,0.008149538366666155,0.008186354507850269,0.00043897112884927925,0.02641826451273813,0.03029400545545485,0.028720062009116372,0.028780293552826512,0.0012095855387639783,0.0029495028680776394,0.003394522571366808,0.0031676986275781397,0.003189499858579847,0.00014607015746909792,0.011742415365954356,0.013948657742123926,0.01254281042432628,0.012328816900285748,0.0006988585352350308,0.001,0.001,0.0010000000000000002,0.001,2.168404344971009e-19,0.001,0.001,0.0010000000000000002,0.001,2.168404344971009e-19,0.08244883209173529,0.09222143361447968,0.08648747761949693,0.08612410183667554,0.0029449952751097524,0.001,0.001,0.0010000000000000002,0.001,2.168404344971009e-19,0.001,0.001,0.0010000000000000002,0.001,2.168404344971009e-19,30,7168,128,512,1536,128,64,128
0.00832618962262804,0.009138092459116847,0.00860283110644736,0.008536165148836972,0.0002838564073765814,0.027337063902396787,0.03157934500737694,0.029971874045524982,0.0301567556510481,0.0012939844041930182,0.0029982574425175025,0.0034802964159402756,0.0032310092380279333,0.00319457331749909,0.00015592562906497517,0.01185370921176133,0.0136586044366709,0.012778381818259679,0.012937562248829027,0.000577832073370149,0.001,0.001,0.0010000000000000002,0.001,2.168404344971009e-19,0.001,0.001,0.0010000000000000002,0.001,2.168404344971009e-19,0.08623827727549234,0.09813701511984792,0.09130901876037507,0.09008255134149068,0.004056646385193379,0.001,0.001,0.0010000000000000002,0.001,2.168404344971009e-19,0.001,0.001,0.0010000000000000002,0.001,2.168404344971009e-19,31,7168,128,512,1536,128,64,128
0.007860632300009522,0.009385123708620161,0.008664815145288742,0.008768338178347459,0.0004357427533248698,0.02771706383437901,0.03170091278799604,0.029957461367003356,0.029938832968213647,0.0013051187044728376,0.003008454598762055,0.0037121289668968142,0.0033147782144782555,0.003228631074824166,0.00021438804183356827,0.012428318846901756,0.01565319709924829,0.013561099956645877,0.013433933858973538,0.0007915017873025237,0.001,0.001,0.0010000000000000002,0.001,2.168404344971009e-19,0.001,0.001,0.0010000000000000002,0.001,2.168404344971009e-19,0.09027386014500328,0.10020986454158856,0.09423555311005664,0.0934005751929578,0.003304842159289366,0.001,0.001,0.0010000000000000002,0.001,2.168404344971009e-19,0.001,0.001,0.0010000000000000002,0.001,2.168404344971009e-19,32,7168,128,512,1536,128,64,128
0.009423901521812595,0.011753504599641532,0.01081352651402111,0.010881664372629881,0.0006358944812287787,0.03484030809884898,0.04075298354040264,0.0383922210565964,0.038775494603679045,0.00199812603825365,0.003828543406780891,0.0044355983682816905,0.004184692048951827,0.004186965267349562,0.0001957226147256784,0.015112076676568761,0.017856928498289043,0.016957300788474874,0.01716235409628887,0.0008340439924141496,0.001,0.001,0.0010000000000000002,0.001,2.168404344971009e-19,0.001,0.001,0.0010000000000000002,0.001,2.168404344971009e-19,0.11193694459907808,0.12399985264613544,0.11714278435345223,0.11634023400767807,0.0038729598895618175,0.001,0.001,0.0010000000000000002,0.001,2.168404344971009e-19,0.001,0.001,0.0010000000000000002,0.001,2.168404344971009e-19,40,7168,128,512,1536,128,64,128
0.012626314019895987,0.0149551916070553,0.01350911149741614,0.013463178765452392,0.0006096155048368006,0.04123101663606309,0.05106130476615121,0.046091370488724914,0.04482556983186194,0.003238960982424657,0.004880417493741455,0.005564452289937849,0.005091792333970958,0.005030453140187909,0.00020927367837839605,0.01717370570595396,0.021686894836700187,0.020405095899515148,0.020607082897633133,0.0011826547120581863,0.001,0.001,0.0010000000000000002,0.001,2.168404344971009e-19,0.001,0.001,0.0010000000000000002,0.001,2.168404344971009e-19,0.12660480229649662,0.1560115800918151,0.13685068364780734,0.1349503589935624,0.0078058692113853806,0.001,0.001,0.0010000000000000002,0.001,2.168404344971009e-19,0.001,0.001,0.0010000000000000002,0.001,2.168404344971009e-19,48,7168,128,512,1536,128,64,128
0.01415642165793064,0.016635133821402016,0.015691597001159904,0.01591201078822206,0.0006867673941227757,0.048509497958988526,0.058231303453990975,0.05370779609103828,0.05381169236786912,0.002912759964354647,0.0054130881306554655,0.006204614925439707,0.005783135990058231,0.00570661752536894,0.0002598843078017799,0.022084162807985818,0.026402670977871898,0.023736870018667332,0.023345417005637588,0.0013765362767112798,0.001,0.001,0.0010000000000000002,0.001,2.168404344971009e-19,0.001,0.001,0.0010000000000000002,0.001,2.168404344971009e-19,0.15037207914943043,0.17141556046315262,0.16269358804971684,0.16442208632650473,0.006344157839961211,0.001,0.001,0.0010000000000000002,0.001,2.168404344971009e-19,0.001,0.001,0.0010000000000000002,0.001,2.168404344971009e-19,56,7168,128,512,1536,128,64,128
0.015997876817107463,0.019169923520961085,0.017638275312577598,0.01740924818434072,0.0011993997645684236,0.056193414199827804,0.06374142241602063,0.06029004545538095,0.06054568340599861,0.0020765700111159487,0.006202670690887976,0.0071352890557945525,0.006704806330908433,0.006793008501925737,0.0002643295956234902,0.024985061581273782,0.029146064857284278,0.02697896401047021,0.026967743022665587,0.0013268538416004276,0.001,0.001,0.0010000000000000002,0.001,2.168404344971009e-19,0.001,0.001,0.0010000000000000002,0.001,2.168404344971009e-19,0.16632305340406384,0.1998013570937868,0.18804411824013773,0.18905564982864764,0.008898776684830573,0.001,0.001,0.0010000000000000002,0.001,2.168404344971009e-19,0.001,0.001,0.0010000000000000002,0.001,2.168404344971009e-19,64,7168,128,512,1536,128,64,128
0.019140547515297753,0.02060530553241999,0.01974409860641204,0.019700252512959607,0.0003690088101203182,0.06223717892882704,0.07496830475065215,0.06775725114791216,0.06701892955501754,0.0033145277956380154,0.0065991766555805464,0.008404037255586572,0.007312459513817307,0.007270194361466089,0.0004932359455912534,0.02825899889286222,0.03151934956446823,0.03008617780360412,0.030337138682697405,0.0011094786930410008,0.001,0.001,0.0010000000000000002,0.001,2.168404344971009e-19,0.001,0.001,0.0010000000000000002,0.001,2.168404344971009e-19,0.19637147981957628,0.2330930466887466,0.21404419500415486,0.21721997815259808,0.010890660772214778,0.001,0.001,0.0010000000000000002,0.001,2.168404344971009e-19,0.001,0.001,0.0010000000000000002,0.001,2.168404344971009e-19,72,7168,128,512,1536,128,64,128
0.020456351193690943,0.024522247489288888,0.02165643754665205,0.02124181231720996,0.0012054814543886463,0.0660774633629067,0.08524489788851232,0.07643139052855534,0.07697974675219488,0.005209971774629977,0.007670681920673448,0.008617320273629785,0.008091358746725851,0.008078748364153577,0.00028562391255308777,0.030450746277041363,0.035582374719947074,0.033427085049773916,0.03354345265105647,0.001258860439526442,0.001,0.001,0.0010000000000000002,0.001,2.168404344971009e-19,0.001,0.001,0.0010000000000000002,0.001,2.168404344971009e-19,0.20777854862967401,0.25566322822746224,0.2325668429175852,0.23298575512949266,0.013389830563809333,0.001,0.001,0.0010000000000000002,0.001,2.168404344971009e-19,0.001,0.001,0.0010000000000000002,0.001,2.168404344971009e-19,80,7168,128,512,1536,128,64,128
0.022651359356908138,0.02605966778228917,0.024325856434423636,0.02449200577830751,0.0009107004227171047,0.07692866263238034,0.0901525784782507,0.08423951124960914,0.08504088208465985,0.0036444820990477046,0.008178938029775035,0.009806702542797658,0.0091783083814642,0.009237769637109042,0.00048814790085620265,0.034546360760713116,0.03945540920509754,0.037239455985308936,0.03732985304106704,0.0013249176998779571,0.001,0.001,0.0010000000000000002,0.001,2.168404344971009e-19,0.001,0.001,0.0010000000000000002,0.001,2.168404344971009e-19,0.2509186295293737,0.27396039501845393,0.2619341972509148,0.26011357320743106,0.00812784827421765,0.001,0.001,0.0010000000000000002,0.001,2.168404344971009e-19,0.001,0.001,0.0010000000000000002,0.001,2.168404344971009e-19,88,7168,128,512,1536,128,64,128
0.02354516290140327,0.028025451739911444,0.026156598038724655,0.026362734233297946,0.001284032952845505,0.08760995308395328,0.09781255543762139,0.09166352394557983,0.09105255382371791,0.002751966241662816,0.008914614256903083,0.011177701095788485,0.009630104588225849,0.009573980416411651,0.0006737401214844938,0.03745015967836165,0.04420599719328673,0.04010552192951959,0.04022497642873876,0.0019230306468714122,0.001,0.001,0.0010000000000000002,0.001,2.168404344971009e-19,0.001,0.0010161929909712588,0.0010023125956203616,0.001,5.067523837883484e-06,0.2518031557742237,0.2996800376602545,0.2797690800805957,0.28175361002266097,0.013845882233838213,0.001,0.001000083406303317,0.0010000083406303318,0.001,2.5021890995118035e-08,0.001,0.001,0.0010000000000000002,0.001,2.168404344971009e-19,96,7168,128,512,1536,128,64,128
0.027114198359614063,0.03289430508125096,0.029369786997645763,0.029176188898698593,0.0015694113238494056,0.09002678345172829,0.10994483794280663,0.09923462670288702,0.10206193310403844,0.006224815417863458,0.00970511008445695,0.011349836382314684,0.010511694092856284,0.0104412041403967,0.00047412100800184537,0.03927571972996848,0.045934335974100474,0.04306634937125635,0.04370054050914292,0.0018881554742534823,0.001,0.001,0.0010000000000000002,0.001,2.168404344971009e-19,0.001,0.0010969761894920873,0.001036356759932816,0.0010241657109344607,3.809415947720479e-05,0.29301013771573853,0.3348413835621271,0.31272001412236533,0.31314886776422307,0.012320390323347927,0.001,0.0011083844219963092,0.00104138982667732,0.0010374224166023445,3.960245240219233e-05,0.001,0.001,0.0010000000000000002,0.001,2.168404344971009e-19,104,7168,128,512,1536,128,64,128
0.027240289600695255,0.031912996907026446,0.030567942711138024,0.031352245789307336,0.0014861209719125525,0.09869056684739116,0.11036533726576159,0.1044943104930999,0.10398394475569067,0.0035851745317563083,0.01020752118625499,0.012114237176516227,0.011410651304138783,0.011426417787033493,0.0004874681607802623,0.043082983716942094,0.050674705355683185,0.047837538994175546,0.048526075976724425,0.002039700505140637,0.001,0.001,0.0010000000000000002,0.001,2.168404344971009e-19,0.0010168150483419213,0.0012236036248670936,0.0010850120307529766,0.0010748879537715935,5.054632258694258e-05,0.30749898967131695,0.36562699765653645,0.33417931905142134,0.3266863937727364,0.019220865942886436,0.001,0.001140818733981097,0.0010817019921201103,0.001091114406171044,5.21489940487349e-05,0.001,0.001,0.0010000000000000002,0.001,2.168404344971009e-19,112,7168,128,512,1536,128,64,128
0.030534426468460496,0.03451291344309484,0.032268540675625935,0.03231542929286782,0.0010749902206735795,0.10429664016152043,0.12215037418685341,0.1143236500554051,0.11495822395605904,0.005056169074103382,0.011513093576005549,0.013623239943873055,0.012214550996194545,0.012010386400483984,0.0005807277623337999,0.0458924573870448,0.05396397063287625,0.050167970038480614,0.04977743920357708,0.0021123247483500807,0.001,0.001,0.0010000000000000002,0.001,2.168404344971009e-19,0.0010676834339316886,0.0012585066725726685,0.0011763358140914803,0.001185720957577548,5.566676508688351e-05,0.3341436588437744,0.3767668696434728,0.3548971518825065,0.3516091106928934,0.013494981383267442,0.0010878175276813858,0.0012257379545907007,0.0011612493802921086,0.001169586750204555,4.725384465017766e-05,0.001,0.001,0.0010000000000000002,0.001,2.168404344971009e-19,120,7168,128,512,1536,128,64,128
0.0339116454854655,0.03900616547112923,0.03581749239602884,0.035340305499680494,0.0013727365002343982,0.11450936988874136,0.12905476498620946,0.12031887849329263,0.11941164895020652,0.004636684423201247,0.012218644200612049,0.013953179702425766,0.013083606577849984,0.01304897037136913,0.0005249376422717327,0.051463291991624624,0.05688838572478751,0.05301988863695125,0.05291278599433745,0.0015150570967229287,0.001,0.001,0.0010000000000000002,0.001,2.168404344971009e-19,0.0011455017205129656,0.0012833328144133968,0.0012229986648467956,0.0012260238923226974,3.5397646449608355e-05,0.34519277223353984,0.40575663565634296,0.37006162873343645,0.36588238883399204,0.018853923655026732,0.0011495873290401247,0.0013507987645435648,0.0012588924047353006,0.001260327385411316,5.625180713554349e-05,0.001,0.001,0.0010000000000000002,0.001,2.168404344971009e-19,128,7168,128,512,1536,128,64,128
0.039587094258616486,0.04687245414676095,0.04432794794959233,0.04477392225310844,0.0019266891983128716,0.13967797592242712,0.16390996311516554,0.15528985620347824,0.15459951658266666,0.006892657011805589,0.0146095440880972,0.016896387186960484,0.016140349508669674,0.01635216224887221,0.0006547760835743215,0.06397188687039634,0.07370034043582423,0.0686294264236684,0.06817482440555542,0.0028264373436622096,0.001,0.001,0.0010000000000000002,0.001,2.168404344971009e-19,0.0014557647194607636,0.0016886549417380724,0.0016152002113803882,0.001612020517286155,6.563227336638897e-05,0.43234857302616714,0.482330317047739,0.4611051029748275,0.4622847002998228,0.01295885003125079,0.00143865265541173,0.0016436505515189206,0.0015678734839246818,0.0015755109861703125,5.259198778099603e-05,0.001,0.001,0.0010000000000000002,0.001,2.168404344971009e-19,160,7168,128,512,1536,128,64,128
0.04926337618430221,0.05669980170616565,0.05272303750222247,0.052289112502310095,0.0020805988695698726,0.16938640899031393,0.2112851035993296,0.18339585557561505,0.18294321565441524,0.011534803112966473,0.018413331314086605,0.021773390433071544,0.019952171182444026,0.01983877491700986,0.0009026722174381109,0.07517473814787132,0.08467373359317434,0.08068532927759782,0.08065541540232221,0.0029113960275330038,0.001,0.0010440981360535894,0.0010077239382877332,0.001,1.5640957827786472e-05,0.00172976227076739,0.0020599293660419,0.0018942463886740975,0.0018811437436103743,9.637662350820005e-05,0.5154763147951882,0.6264897497097222,0.5577644721480437,0.5551871523998557,0.03115182353149196,0.0018199926786815613,0.002002665085625646,0.0019021037005694315,0.001889001285630199,5.3369043000905866e-05,0.001,0.001,0.0010000000000000002,0.001,2.168404344971009e-19,192,7168,128,512,1536,128,64,128
0.055473486767571335,0.06527788286458414,0.061210332444799266,0.061491465590126054,0.0031771081407986537,0.1878406810268831,0.23823243114349008,0.2157749034818981,0.21423765539261974,0.014978312433425517,0.021125907703360113,0.025004741020667652,0.02281476364217566,0.022840329190310794,0.0009761222577937342,0.0887939135098898,0.10082907694757041,0.09539339173363982,0.09579208232888008,0.003584571118083888,0.0010134732246603782,0.0011720400182538967,0.0010912076490137215,0.0011035096855956342,4.618585488938004e-05,0.0020694325400465344,0.002337593006158219,0.0021878786291483466,0.002198274223975792,8.699727476763785e-05,0.6069054145933468,0.7297709714829638,0.6529036643592528,0.6418417191713308,0.04022977620116974,0.0019893518917214266,0.0023795736113727305,0.0021686189063038637,0.002162886356800002,0.0001208013276047198,0.0010142036731506793,0.001183435131037505,0.0010946372501491615,0.0011059459413919003,4.613052568710824e-05,224,7168,128,512,1536,128,64,128
0.06276338493222378,0.07355400294768254,0.0699768337215959,0.07112619862424077,0.003554693051106228,0.2161705659595617,0.24644258913411593,0.23846120869996845,0.24278016180417547,0.00898040613781224,0.02470558289961381,0.027781848366835917,0.026255197088542903,0.026112727745240448,0.0010736184677122814,0.0980310463302896,0.11550566384627939,0.10606908753085405,0.10710440716214997,0.005325945157200346,0.0011821895007824703,0.0014276621080006539,0.0012627360344984184,0.0012449290774882264,7.227609745695964e-05,0.0021777133937324338,0.002668334125175143,0.002432371469140819,0.002465129014958263,0.00015183453863156272,0.676855061736428,0.8026087039929486,0.7542887943946214,0.7662262834127194,0.04140096234502894,0.0023517684588451413,0.002747921699927822,0.002532542946408,0.002538973311505377,0.00012226599981215433,0.0011545549502915153,0.0013823581251880355,0.0012498505831134489,0.0012510907439819796,7.515922591264795e-05,256,7168,128,512,1536,128,64,128
0.07361570465762847,0.0857459663727846,0.07973478672813963,0.08040159374926474,0.003816889481940695,0.25658460669927896,0.28783146066155596,0.2747701402941022,0.27737381233182146,0.010011120470886868,0.026942256374661574,0.030987399497904574,0.02905266670553497,0.028813839307791408,0.0013529553614422848,0.10704635818492889,0.13032320445088721,0.12011980085504448,0.11866154416139796,0.006952628744122878,0.001292976367883074,0.0014519236873813716,0.0013789324661873936,0.0013819014689078466,4.63506148732176e-05,0.0025675236644383363,0.003083392322679534,0.002777684859627669,0.002742239345461483,0.00016246031454863574,0.8220706971896437,0.9461888639212638,0.8669464070056115,0.8567876329396749,0.034383961168944675,0.0027239942515490923,0.003103586400806673,0.0029185053865667505,0.0029219239386849877,0.0001228070105954484,0.0013119517945788953,0.001528446428566541,0.0014112589374191845,0.0013892261041318075,7.342966319087103e-05,288,7168,128,512,1536,128,64,128
0.083434895642223,0.09778016247853924,0.08917243600878291,0.08870429856774197,0.004227320766785496,0.28746117663769966,0.3387472551646845,0.31372815215551586,0.3104539781788819,0.01595390446695901,0.03203070682464534,0.036151511395020305,0.03392315546278668,0.033841254795661566,0.0010117540159710117,0.12903721329287016,0.14749012697352248,0.13492213373795997,0.13176745483872962,0.006108870977065815,0.0014736958500843114,0.0016842487509281861,0.0015773986669065543,0.0015723693066299418,6.148103354491418e-05,0.0027923985742939815,0.00325289823694375,0.003018056195516283,0.003005101833685389,0.00015294058862132658,0.8631825689551783,1.0671102587265657,0.9640421679467759,0.9600967697569889,0.05503595662130041,0.0027389588620500937,0.0032895502269568444,0.003068180482892616,0.00308443784242969,0.00016367011441398372,0.00149589276650418,0.001657512951311114,0.0015715491078642646,0.0015615182624075586,4.33882288817816e-05,320,7168,128,512,1536,128,64,128
0.09413408217360719,0.1023295643889919,0.09756231925512619,0.09716160421157119,0.0027062417451309034,0.3044657025932892,0.3640933245780081,0.33398348850206355,0.34134285100108963,0.020733168261167133,0.033284755910553146,0.04192412503757455,0.0364000442384331,0.035983585552559864,0.002227175199436261,0.14071880334235326,0.16258152800553657,0.15033063240011096,0.15062388291274845,0.00655325694462849,0.0016223308646918472,0.001928516903281421,0.0017375802077909687,0.0017250943945784198,8.559113575609613e-05,0.0031305757171654863,0.0036688222661711706,0.0033844942406928745,0.0033269652436274133,0.0001736525356596877,0.9667513727912092,1.1954017419704106,1.0613910677549634,1.04312800733986,0.06005817756936742,0.003178974471243316,0.0036473878632819526,0.0034322926982310055,0.003451955328378434,0.0001469842015182272,0.0016060226280101846,0.002013421994203831,0.0017749817746872446,0.0017842223683779807,0.00010542034876205057,352,7168,128,512,1536,128,64,128
0.09441815398348197,0.11399169425056768,0.1071228277009495,0.10873970697627475,0.006057140388905045,0.32639937422080517,0.4106137919562009,0.35514958767576277,0.34868039185891975,0.024920697077266716,0.037897020691305294,0.04338207413488174,0.03990555604684157,0.039579548106386815,0.0014578108319739324,0.15873225425215537,0.17065012967335302,0.1637598100086219,0.16212875062180787,0.004336511357484633,0.0017393233331945662,0.0020007496940202822,0.0018572682238181767,0.001855173748000736,6.400966608007012e-05,0.003570796057908254,0.003972056143341886,0.0037438748043856634,0.0037647534504379136,0.00010834413115548685,1.0444151151948788,1.2256469499168168,1.1600888909711773,1.1755991921166782,0.05565641478594257,0.003400713077540393,0.0040302620638629945,0.003677331722676163,0.0036544005186623044,0.00018988265366925744,0.0017711086222045548,0.00209372208394795,0.001899084527206426,0.0019075183544403059,8.926234213556544e-05,384,7168,128,512,1536,128,64,128
0.10116362322292552,0.12337130143733042,0.11543886571721843,0.11609420471663266,0.006524938515927672,0.376928929937852,0.440099100432757,0.3961601421470434,0.38652862468956384,0.020442376450992457,0.0385936966557101,0.04378741434789252,0.04168459054478811,0.04178693647085084,0.001661450584303538,0.16158994013354502,0.18342961654886442,0.17492012611647023,0.17621556052110482,0.007590156079597428,0.0018024770649047856,0.0021396647036243666,0.001980977363551437,0.0020039718417898104,8.476043569950265e-05,0.003935046950559623,0.004342837543197035,0.004079604547935968,0.004066695628228833,0.0001155328307749262,1.1267349664279924,1.3259574576091293,1.247342762220947,1.264714740273308,0.05615258941079625,0.0038555476234082738,0.004300936660386987,0.00406767304571082,0.004108216439590335,0.0001270375050071427,0.0018783917489082176,0.0022398690826406827,0.0019943606342688143,0.001947109581652993,0.00010078208742415892,416,7168,128,512,1536,128,64,128
0.1109217116513861,0.1296511677467628,0.12318994671714564,0.12503397560588875,0.005657378118426694,0.40107802049055474,0.44516109372012347,0.41899228494506896,0.41617841178572823,0.015085977791974629,0.039785317346550046,0.049019537493943784,0.04621273701173482,0.047188762134706796,0.0027844681220486178,0.1796161869982098,0.21819256643985938,0.19315724674590412,0.19047909363997567,0.010706003507052168,0.0020645054412922305,0.002277418373921558,0.002177511958840849,0.002193439730605119,6.85886841507255e-05,0.0041328036597133655,0.0046632120541600566,0.004434155017058907,0.0044530010668071135,0.00013704714620917357,1.184121051880789,1.3836318292079208,1.2929355555438395,1.312467766837436,0.0672062889887708,0.004230401463412532,0.0048366374551460836,0.004455657044621467,0.004442672310871478,0.0001895304528105146,0.0020311674172372117,0.0023281838219560004,0.0021869552804672687,0.002189747609965321,7.899904948240666e-05,448,7168,128,512,1536,128,64,128
0.12490250262760733,0.1433674851542551,0.13584527378322045,0.136486979414503,0.004902553876474591,0.41431218620918875,0.514742013802271,0.4505364342491773,0.4456479796550184,0.02640570324346662,0.04619964120887017,0.05404467917374439,0.04991490379914935,0.049865086393448985,0.0024063505471479626,0.1915107513650003,0.21888729621035058,0.20597349963453399,0.2087784985244328,0.00858791726005235,0.001982512245100402,0.0025905300403550775,0.0023686550780907386,0.0024120461694901968,0.00016384357432115785,0.004272408561952223,0.004872738048912255,0.004639344317117864,0.004658419049000873,0.0002073679015282067,1.2642450475988105,1.4538612145641254,1.3668678005280845,1.3669489614999555,0.05663722570991005,0.00425633487361821,0.005079384790556794,0.004611813836144408,0.004636077077212674,0.00022476769977607333,0.001995894324581736,0.002501899958652392,0.00232111628362653,0.0023589882017115245,0.0001336507644746889,480,7168,128,512,1536,128,64,128
0.13007216606871763,0.15185600552722267,0.14283945193289813,0.14284883009601781,0.006818512867746261,0.4511679063113978,0.5279207488829188,0.4938317372689939,0.502047748742535,0.02368945008624306,0.04805316139989209,0.05951066961639045,0.05202626165434249,0.05089783723366065,0.0030202239472993117,0.19585200193170266,0.23055976793800875,0.2186769544234946,0.22068974293475985,0.01076725028505197,0.0022214571950062777,0.002709745729621087,0.002456466058999159,0.00246488126980058,0.00014953276691296937,0.004488917380949731,0.005321229196218771,0.00486424517679658,0.004890836543653533,0.00024307140572440172,1.4818129292080129,1.660338562284327,1.5581464107575307,1.5376676446436992,0.05901874851930909,0.004451588018435282,0.0054390944969069975,0.005155161127118311,0.005253053516796707,0.00029714029863853837,0.002455776158607211,0.002808991721553982,0.002576370847135625,0.0025099841529825652,0.00011510015107036109,512,7168,128,512,1536,128,64,128
0.14534043226333254,0.1704815974474977,0.16129312913074875,0.1647544226320167,0.007536935947972464,0.5182712050121476,0.5980393759982605,0.5528234974748727,0.5543992686605593,0.027514576138786634,0.05511630680383269,0.06298022805377936,0.05840345905559927,0.057411032747905724,0.002713576278765343,0.21511953141376713,0.25343135815795365,0.23743962936264565,0.23651708553357226,0.012099495322393366,0.0027135511250471396,0.003137631195425559,0.0028694675176306394,0.0028663988030697154,0.00012220493125746884,0.0050993510411736906,0.006050048378656146,0.005684519539013995,0.005761454022037961,0.0002894623680106016,1.4924907849934674,1.8818985402467918,1.6687631366003663,1.648374902643404,0.10097122622306182,0.005206737871206626,0.006098312359391577,0.00560661178804556,0.005603070371766505,0.00022614809205313285,0.0025614922543323953,0.0030798044739936206,0.002772426315476196,0.0027697772295268773,0.00013378274091505195,576,7168,128,512,1536,128,64,128
0.1589811258415579,0.18141356618768373,0.17338576941410946,0.17390638419087603,0.005897871042333058,0.5332346105423027,0.6747492257044018,0.6026104889738374,0.5956884091918484,0.03612065132847389,0.057546104222411354,0.07107323062460863,0.06603802280680936,0.06724365675856583,0.0036653568036097584,0.24553168014527185,0.3016912936878301,0.2713883180389141,0.26937480945773723,0.0160960977923106,0.0029622051668004115,0.0034286850136527446,0.003134335610620565,0.0031358955879751604,0.00012023419259905761,0.005838038658740644,0.006891096707526745,0.0064311811192595825,0.00641318891352018,0.00030025740288675814,1.7684042840334695,2.035904944142669,1.9141867588409895,1.9175867191403517,0.06926078522648949,0.006134724030332181,0.006806882535219211,0.006434867096544489,0.0062954752711862644,0.00023413516367816112,0.002970444606563596,0.003356942818506286,0.0031023947142912456,0.003097141284265764,0.00010571512206541448,640,7168,128,512,1536,128,64,128
0.18577962092461195,0.20904625438746255,0.20050906045929878,0.2006282126567644,0.0066066768885292655,0.5884554436179225,0.7139918457261532,0.6584548104223051,0.6623354010296154,0.030517225499626672,0.0678905079789748,0.07996105999870165,0.07274156639229934,0.07088269741630313,0.00399033244665711,0.27675941293011935,0.313145772453321,0.29776677080000974,0.29933295902152895,0.011417757923003617,0.003077518550095876,0.0036648130170491913,0.0033580781490652398,0.0033810239036824166,0.0001495207950715795,0.005874067394003439,0.0075690997431194975,0.006818649554166325,0.006822180228903012,0.0005362035252365979,1.853075186735251,2.292636704290075,2.0870934445938074,2.085911471632971,0.14116693009316314,0.0062594637211711305,0.007290361129544362,0.006764463139840656,0.006755706228422501,0.00027228427220463055,0.002929811588446768,0.0040022337632890665,0.0034891384086628225,0.0035163718875284595,0.00029389990108115346,704,7168,128,512,1536,128,64,128
0.19660063754808696,0.23110051154278982,0.21596064461145859,0.21491348911661023,0.01108944507926596,0.6892559635743128,0.762087268897613,0.7257003525764729,0.7306532630453291,0.023910291808717836,0.07684609727644107,0.08289488877058333,0.07981538310856048,0.08015283750483648,0.0018409745900690624,0.3011928879134738,0.3438530436009792,0.32231900194243923,0.3229604005015081,0.013216887123977967,0.0034864013089002254,0.0038659292443707573,0.0037008170363997373,0.003732117186093191,0.00013933551864208848,0.0070004528380212564,0.008430244094067053,0.007660072666255698,0.007444537253335739,0.0004799385985869669,2.118066480292573,2.475203479385568,2.253047227652059,2.2316776125564637,0.10072195653494881,0.006814438152027322,0.008106509511541895,0.0074926826667033476,0.00737586428523995,0.000414288815710492,0.0034281567042855248,0.0039796197621028455,0.0037833613877548272,0.0038472852179857993,0.00017850158196937283,768,7168,128,512,1536,128,64,128
0.21836082597414969,0.24421453633241597,0.22514168305628698,0.2215632191400961,0.007489327663537788,0.7469253973492317,0.8709856608910526,0.7883345178116635,0.7706281351775828,0.04241925368220176,0.08175967333627153,0.0906761254891285,0.08476587878953405,0.08286254030573603,0.0032361320270078457,0.33291981357807837,0.38906658917948356,0.35125910046597786,0.34671593602786804,0.015203912634287041,0.0038047849515809896,0.00443464929528914,0.004034270376162797,0.003945667348959913,0.00019322992736296992,0.007519188693497625,0.008498509674181169,0.008078396710810898,0.008088856469095521,0.00026033150566811744,2.174370046704239,2.725315826718544,2.455721242253669,2.449519891642164,0.179346612724333,0.007089051819071484,0.00877577138408343,0.007976298094003896,0.007930019927751369,0.0004200105152479888,0.0035181281512884676,0.004497887228766679,0.003987230656766048,0.004006624205148865,0.0002696417869688702,832,7168,128,512,1536,128,64,128
0.21747690257467844,0.2638089369864637,0.24703733762435495,0.25189427733431846,0.012967970576781323,0.7651368368743873,0.9482620778075864,0.8423730403016316,0.8427467787511635,0.04982527436742743,0.08992584509033011,0.1016187045377498,0.09440172743782779,0.09354796337741632,0.0038475060898758803,0.35678625055027197,0.41567662887277573,0.3844004929757901,0.382446278801801,0.01709240260689761,0.00396439768492462,0.004790819422725806,0.004338752830314643,0.0042265628918404935,0.0003129428559713356,0.00789464982516081,0.00944659846972134,0.008713348513251437,0.008753064158271765,0.00039409924821528797,2.48599701098143,2.8219957089788856,2.643538497895675,2.629156948938033,0.09269439275562934,0.00813778741659368,0.009351184423065673,0.008626475276384353,0.008660747591457275,0.00037602633857133786,0.004288979535495628,0.004749010711301626,0.004479256757052045,0.0044569837761244974,0.00016206852081007356,896,7168,128,512,1536,128,64,128
0.2495881787275953,0.2885428002568141,0.2720339428762285,0.27400105576360945,0.011503675494514889,0.8507065282860536,0.9525204814576731,0.9156782947544615,0.9222804292036095,0.027552613094575157,0.09058492659822875,0.10679546824056632,0.09974159374098349,0.09964406812852739,0.004172262153948066,0.38224250739875915,0.45054199289080715,0.4175086352010539,0.42032784284523106,0.019347413773833567,0.00449151864503008,0.004900364654083999,0.004722656119194605,0.004771119738798459,0.00013770426013818456,0.008393822802004144,0.010081913836005008,0.009368081568546257,0.009559374361544588,0.0005114844731075918,2.5386316678274112,3.0241331891892185,2.811076173389045,2.8205910220321027,0.147674248360447,0.008726316084845698,0.010505456339900892,0.009387251567459632,0.00922833552354453,0.0005303890804923815,0.004348416303204266,0.0050333095619630374,0.0045959352083232725,0.004566692534056508,0.00018310642955408451,960,7168,128,512,1536,128,64,128
0.27353854858987214,0.301898988141174,0.2863117688351206,0.2865344373890567,0.008617531857038369,0.8316761013107669,1.0532525908995194,0.9438798768453592,0.950239745635362,0.06724755580973425,0.09904622549696893,0.11219741892029483,0.10453534997403617,0.10388655960381446,0.004423782748512434,0.39091962697044613,0.4616788987392348,0.42980064836884724,0.43065834655768676,0.022364881697826616,0.00476720868480576,0.005464462537822666,0.0050813660536884265,0.005107331207719015,0.00020984601101700176,0.009280786640612297,0.01072517012937953,0.009888463419339025,0.009761959409918523,0.0004839097111029207,2.895545987237456,3.3114284857958345,3.103718126366679,3.1268497135187534,0.1509416543793986,0.009575816731788455,0.010831521129798058,0.01007903338015855,0.009999360075923416,0.0004038854882475162,0.004720714559698847,0.005362699866577185,0.0050059164859938415,0.005048038806770988,0.000207601168534979,1024,7168,128,512,1536,128,64,128
0.28050257435041587,0.3170247906151956,0.29946389870064105,0.30235775397755404,0.013201133304853731,0.9388486015949731,1.0870311915017794,1.008750059898121,1.000651774643794,0.04531056841664874,0.10740816284169183,0.12374728245587077,0.11205247380648713,0.11030986055659382,0.00492695669781121,0.41931513778529067,0.5057987683487922,0.4564335284788548,0.45604140692188894,0.02500346406288784,0.005061550023685139,0.00564610827625417,0.005397008933146591,0.005410717313125606,0.00021852887589151107,0.009458137923502105,0.011149787036319874,0.010576728275499884,0.010639914703947411,0.0004661207443524151,2.9058556376227083,3.491049804306184,3.200187146079883,3.1919816028396193,0.17770513391778256,0.009841523899967104,0.011134732290693455,0.010537755883989183,0.010484333084402823,0.0004363819001968226,0.0047940683694816,0.0057181445395412065,0.005192009093904651,0.005107584880878703,0.00025224624415013584,1088,7168,128,512,1536,128,64,128
0.28253035529390663,0.35439941098017763,0.32052277624771014,0.3258430096577041,0.018094926740119595,1.0252870179746254,1.152764417999957,1.0962546517746339,1.094054403903709,0.036440426539166425,0.11347935463454613,0.1270495632986985,0.11938245308394883,0.11777041352025633,0.004533644883853979,0.4688655308070348,0.5164691681937167,0.4985702196537935,0.49677168396842347,0.015160495729198786,0.005200703590955706,0.005882392167389612,0.005522258733019009,0.005547757364308654,0.0002429908827637885,0.0103812441136405,0.012015583515524704,0.011371910273840512,0.011401245467575743,0.0004409405379258053,3.102789514880888,3.667055932786091,3.3595458251891124,3.317140614841124,0.18171599344109984,0.010174701256358039,0.012089398786579721,0.011064850191927614,0.010996376375311794,0.0006092001717945595,0.005243471704044411,0.005816330765358119,0.005532046368468889,0.005564106385390791,0.0001872061113887445,1152,7168,128,512,1536,128,64,128
0.27943239616120286,0.3548987111916294,0.32820474784181675,0.33218099028327563,0.019161257361703442,1.0413875911368766,1.2196521052270441,1.1233592327584974,1.1322112676678229,0.06299544058666531,0.11230695445072927,0.13891428457000013,0.128085622861986,0.12834951574772602,0.008145160792443247,0.48433710116359635,0.5672431509674761,0.5278039248831086,0.5314332981915755,0.024956539044338543,0.005384044892064485,0.006603890044580857,0.006084454931419626,0.0060799693467860245,0.00041429239166902563,0.011167416764414703,0.012247698296765204,0.011696922440831167,0.011630732088954817,0.00032286726286507753,3.221224969413148,4.008304517632708,3.651053337205204,3.6047024300614936,0.23883995065671434,0.0099451144985088,0.013129053038056414,0.011582775816776632,0.011656704849014227,0.0009268447003826671,0.00567035466467078,0.006583961399764605,0.006033432847518018,0.006044622772429464,0.0002776179578049752,1216,7168,128,512,1536,128,64,128
0.3343412462777723,0.3862487240143772,0.35255348438772177,0.34577700079111,0.016343182654569223,1.1646923723110139,1.2837278222454362,1.2188073959769414,1.2132362965977,0.047683990549830184,0.11918978667148876,0.1395912330427991,0.13104817878026687,0.1337648068434436,0.006626951397443149,0.49690613198970063,0.5821455827614115,0.547689612116009,0.5496577479655238,0.023120610775125054,0.00536927991056182,0.006746738541519555,0.006170866231981563,0.006166019453098516,0.00037718316695228003,0.011374518311298354,0.013940056114718245,0.012749452655063501,0.012746748861658896,0.0006123475110210479,3.3156030854163983,4.00530403175315,3.662439720555889,3.665936733443643,0.18991347643635845,0.010988265333081613,0.013286725774850043,0.01255218184828085,0.012798742255629873,0.0006286205455819341,0.005779665039295687,0.006613407053920044,0.006261864597822108,0.006289773053549021,0.00025527596031692495,1280,7168,128,512,1536,128,64,128
0.32725336291311474,0.40730980676449696,0.36743455383594575,0.3675592621383231,0.025409910191104758,1.2047971980393846,1.347352906367881,1.274372733499399,1.2537326466290593,0.05051140700680041,0.13531692872458745,0.14628563722020205,0.14026801560433216,0.13977149060013339,0.003618752659110823,0.5155413313266445,0.5929015419047877,0.5599824045390439,0.564891176642117,0.023192661184480903,0.005883191493206542,0.006806265147095399,0.006453420271022084,0.006462692615326216,0.0002449699054268501,0.011903381857067399,0.014285203187613444,0.013059615811114164,0.012971362352568277,0.0006721631361030951,3.6577793180309097,4.260147653486092,4.052124870917712,4.081479594823115,0.18241075153457317,0.01221709957620076,0.01365387041615695,0.013150853428118076,0.013315301660709288,0.0004276239065229197,0.006248130203555178,0.007016436025776179,0.0066814507568181605,0.006653513577719563,0.0002086287071258043,1344,7168,128,512,1536,128,64,128
0.35292332775321467,0.40245340476576674,0.38051944271562865,0.38562056999822886,0.01563571270126832,1.291990248209746,1.4332203215069037,1.352420376831271,1.344349409512911,0.046513468700215437,0.1420996291016179,0.15273151045052613,0.14769471581473465,0.1470878345337543,0.003662931672159574,0.5585156176875934,0.629985612550405,0.6026901165264575,0.6055975564520428,0.022372238785571544,0.006257557021603748,0.007123160430515378,0.0067156629989469805,0.006644336484575257,0.000290545461021809,0.012743014156387922,0.014637167410674093,0.013778076857231333,0.013757562575617176,0.0005886147469616002,3.748249861999268,4.7906817722833805,4.188581578460377,4.11880694883577,0.30104907515023643,0.012219101451591908,0.014314414908277687,0.013588996827736077,0.013724684756270346,0.0006373048962331356,0.006416088165558492,0.007712369886453803,0.006975710996079049,0.006861874974027234,0.0003877830394463057,1408,7168,128,512,1536,128,64,128
0.3799152759427525,0.4406204615288401,0.4054700607662192,0.40379403581320095,0.015627621904917458,1.3388826316382727,1.5213368461252044,1.4030273104400401,1.40081258459086,0.05083730863183443,0.15065694638658006,0.17271183424028066,0.1554709280558799,0.15364992771776703,0.006120839186360063,0.5842351273052989,0.6584005368798462,0.6206644125093634,0.6199768285040158,0.023452345174207523,0.006593108283262887,0.008202435019004107,0.007221602126017407,0.007132261430468933,0.00047412772743777286,0.013721187606432504,0.01534609518017972,0.014591721122642457,0.01453775388490473,0.0005940488683804171,4.055369438480897,4.596386891052188,4.291235298748433,4.2631491033378115,0.16008448984617005,0.013663498368764326,0.015492629460552894,0.014588927780403263,0.014598305378138218,0.0005978140006833394,0.006738891180578214,0.007658813419313857,0.007238237381167098,0.007301569512630791,0.0002789456817166992,1472,7168,128,512,1536,128,64,128
0.3882377951594978,0.4603896084416635,0.41816115329757864,0.4134702038833723,0.023161227584846043,1.3288978430757545,1.527373873232774,1.4305615023184484,1.4369614226451728,0.05706190144005254,0.14232371705428706,0.17398134525671785,0.1561499126368313,0.15623895807427182,0.008448623661344442,0.6295069619275192,0.6964517295836687,0.6554384519553338,0.6577442008756611,0.02029825063881146,0.0068263962874584245,0.008105993129969223,0.007439016970653571,0.007493356604406889,0.00044878095259858825,0.013188477553441103,0.015549163554818245,0.014495247109226436,0.014889839262827,0.0008163803800742345,4.226397315390052,4.785858870622816,4.552720551783254,4.578043757394246,0.180791035565995,0.013862195222320774,0.01639643615861263,0.015129587724028809,0.015145596799350548,0.0008026015565747449,0.007150144323685117,0.008287065461382165,0.007507187473095478,0.007342816412408029,0.0003786828050927684,1536,7168,128,512,1536,128,64,128
0.40665985968578233,0.4550049664995205,0.4387634003417184,0.44207841056775227,0.014894427515943033,1.4256688713130015,1.6470043286638836,1.5254508892410645,1.5251934890313492,0.0661012478191003,0.1511644685331236,0.17788528706385945,0.1626361012647548,0.16154001915751676,0.007669449787422053,0.628830284824882,0.7021788321803575,0.6679450754835821,0.6708090244448,0.02557150267153037,0.006392499911117147,0.008629726004538246,0.00758178497419182,0.007562802207369736,0.0005736465675181796,0.014739104425025153,0.017346335793170124,0.016011115923953198,0.01587209385757596,0.0007566985820456419,4.244236676220078,4.986851429618923,4.655655462458254,4.641596501088474,0.19365164535395085,0.01392095684557369,0.01694198764997966,0.01565032986414403,0.01563665148858142,0.0008339388367102159,0.0073085283537298994,0.00886752596466781,0.0080329246882473,0.008027155120157073,0.0003637686379157275,1600,7168,128,512,1536,128,64,128
0.4384688299883793,0.49704051866545523,0.4678138934656154,0.4719992399907409,0.017475772241104245,1.4831652577354537,1.6739802050601078,1.572819742162299,1.5688398328591722,0.0493745392240568,0.16729374438322098,0.19500408130442212,0.17607914162355479,0.17284723146086495,0.009188193629336148,0.6527434077817977,0.7336580362846974,0.6997326678874972,0.712702347186899,0.02669954704062745,0.007503060649291737,0.00855881677515085,0.008121049307027024,0.008251226510330237,0.00033091744396772767,0.015498671597174048,0.017740475458176322,0.016629890360022426,0.016824452956725147,0.0007812014241373867,4.174961037141281,5.117550794692186,4.777219479455292,4.910345356385841,0.2896994794798078,0.015058843961322793,0.017705823097310853,0.016416425481126422,0.016593943160867628,0.0008784550638641294,0.007190885935903694,0.008485279830417239,0.007890689708682994,0.007905159515917134,0.0003878691861580999,1664,7168,128,512,1536,128,64,128
0.4026909090323506,0.5023108436746564,0.4664165841797675,0.4739394216976994,0.0313965364121134,1.4768936954898433,1.7567007665262275,1.6198863330073578,1.6152863175784127,0.08062482821477625,0.1652335610286849,0.20230065780715312,0.18042398388128408,0.18037805729824585,0.00932766870702955,0.6508819134715478,0.7809612818441752,0.7031188451198767,0.7001529628710239,0.03577481821629025,0.007743299521587745,0.009075089305913851,0.008458368075052607,0.008541957292669829,0.0004525707483609875,0.016086932857634587,0.01748251141748684,0.016488343063252243,0.016485031537876765,0.00038751018088328235,4.6717284797933205,5.54218051197691,4.987182699644616,4.94044704128544,0.26129964511762643,0.015443733176620688,0.01818054364198023,0.01696036839859744,0.017098501309064488,0.0009066563196708891,0.007680469112540621,0.008812191370110516,0.008435472429892057,0.008644368173414681,0.00042662153042956417,1728,7168,128,512,1536,128,64,128
0.4712647421341094,0.5348394515147139,0.49346234998172156,0.488215791618699,0.019410656777974346,1.5807187870400319,1.8503368101544344,1.7189111242121213,1.712293077721269,0.06715373235485793,0.17754201202147896,0.19653424995625948,0.18443698777017065,0.18230126563840748,0.005774839431107254,0.7220154188543683,0.8052927726141356,0.7596493279201245,0.7557113962642507,0.027015022704907778,0.008226935793902244,0.009543909010703847,0.008789628067832282,0.008754082055444012,0.00041986857329284944,0.01575959507835012,0.018846936957275608,0.01762133986604568,0.017787586649771897,0.0008446355523997118,5.081228961183881,5.754042836923168,5.400092221538906,5.396189025314431,0.20588017488279428,0.01614527104029802,0.018841355966589705,0.017575949818343675,0.017816441754545095,0.0007938397583790542,0.008012597078119998,0.009454087726829322,0.00882513625807164,0.008874229068717689,0.00045787072033019955,1792,7168,128,512,1536,128,64,128
0.47216695488482946,0.5852161622893189,0.5101151921341197,0.5047171099427332,0.029529304495378147,1.5886919150355792,1.9248725114124206,1.7551660463198413,1.7589513164931132,0.09527924185863638,0.18165106037508955,0.20783468495336838,0.19577826220441877,0.19507371541099255,0.007502963172141402,0.7265328195438694,0.853151707742607,0.7966078918493568,0.8000818821479303,0.0366450016387682,0.008028621873434425,0.009559769655238415,0.008860441044555033,0.008856479951774486,0.0004095316094688535,0.01673163770847478,0.019889744457431267,0.018400492297859346,0.018564190560002587,0.0010038558779446958,4.827793909053309,5.484941458885784,5.290255104959458,5.305580622896763,0.18008556823706065,0.01512721566804924,0.019172382770359556,0.01755230398778636,0.017925238491620758,0.0013507417737876446,0.0077594151656059365,0.00993469238281744,0.008805067400602327,0.008843361527719246,0.0006813395736393137,1856,7168,128,512,1536,128,64,128
0.4684707795926185,0.5769965241924699,0.5325478635169272,0.5368976142078545,0.026213688533360768,1.6807468529717704,1.9131024409105082,1.7813598310331304,1.7987990106432994,0.07958489037170603,0.17455408025143954,0.21684903510164036,0.1976344382099729,0.1982848684140907,0.01240845570284833,0.7652630694610311,0.8930121294490122,0.8157971668745944,0.8118334628124597,0.038724241440538806,0.00901246175314921,0.010559536133591533,0.009538444662586519,0.009474224077537324,0.00045644140691251456,0.01694054356000928,0.021059075333226582,0.0188460945500862,0.018711233681100378,0.0010080106667709702,4.937520352217494,6.213874331878144,5.6014179781059115,5.587076323515919,0.3392602717994037,0.016472104408422613,0.019480015074117927,0.018547577692871624,0.018863114206254604,0.0008349122264287932,0.00871672667967367,0.009611399538545886,0.009298585596550122,0.00939258031216645,0.0002586668770492845,1920,7168,128,512,1536,128,64,128
0.48937705526191455,0.5887433976469948,0.5565208011272946,0.5666688276885504,0.027429676753930144,1.6926444485384702,1.897527491729389,1.8151232029812472,1.815628767265212,0.05283706283559874,0.19721581857863363,0.22952774770614087,0.20890036763703823,0.20829612107496626,0.009071983854249724,0.7752189067446988,0.8824048392820731,0.8267540649120694,0.8240827469707411,0.0321026014815963,0.00902986467917353,0.010361286198855223,0.009491962468057911,0.009308832755654087,0.0004160217029188215,0.01852975470078829,0.020916489813042224,0.019543174854764468,0.019705861110750098,0.0008024034301240937,5.133690320054005,6.234320597993433,5.745504182110994,5.694899832222696,0.3022800448705411,0.01661992957475235,0.02089897552135406,0.019151305602343387,0.019558660157577627,0.001440089024921053,0.009012010235732682,0.010405558826428027,0.009808959936826416,0.009906848133964533,0.0004287271977423414,1984,7168,128,512,1536,128,64,128
0.5403392088943196,0.5949924265019838,0.5716012851823117,0.5718335278790265,0.017148902185056516,1.8499008719825596,2.081944117939468,1.957314293494824,1.9307933455208124,0.07178391809394388,0.19841063115400098,0.22985918296162575,0.21146928440236432,0.20989933206312894,0.010743730702694177,0.7985674424764659,0.8915153194768353,0.840771054276131,0.8420714273806423,0.029548587406307208,0.008841777571536254,0.010738057437282882,0.009921086478075655,0.009869620362345188,0.0005337627688207626,0.018523769519690602,0.021017174214170157,0.019816907894953478,0.019714038646394226,0.0008516090082886507,5.4814173526566154,6.613136748858121,6.07583025415732,6.155216990556697,0.3651578098225416,0.01844123774686186,0.021924940513187056,0.020061300419790516,0.019800523707750893,0.0011846114260926808,0.009410781643534663,0.01096532912952813,0.010148479805145258,0.010009732776751082,0.00048463562892852983,2048,7168,128,512,1536,128,64,128
0.5743139084297115,0.7342580407367372,0.6263493561598169,0.6280979033653018,0.04533982047768241,1.9047109730823781,2.269970483579632,2.0673522878304236,2.027344547671202,0.1337840991133778,0.2023647743112389,0.24695891366724454,0.2260935549271798,0.22582117301391846,0.011780689923861266,0.8581793444043968,0.9579036634868237,0.9081004512214287,0.9050056810973258,0.033215710995504466,0.01024229368438725,0.01167459333502848,0.01082465704419768,0.010727325914047821,0.0005179295051520738,0.019882160244793695,0.023630650377685178,0.02109455953785868,0.02051436838199088,0.0011314626012541107,5.9573463692146,6.835839343458195,6.478117138432566,6.511374039941768,0.2724151635341051,0.01956042171904231,0.021793580408517085,0.020725700998010403,0.020637910485457593,0.000623712871615827,0.01011367249394911,0.011359260809762295,0.0106887346087181,0.010606852915198929,0.00042720315610245786,2176,7168,128,512,1536,128,64,128
0.5952001601758106,0.6701562077771965,0.6289282863340184,0.6281192035426193,0.026669191541182115,2.076264755311165,2.3802177979806722,2.227027138989869,2.231945300977274,0.09859136837703765,0.2280088387198244,0.25224634573290655,0.24095934542064262,0.24282368955737427,0.008032724344421897,0.8917728991832404,1.0268946042493017,0.9665354903665013,0.9620887712459287,0.046334262588880896,0.010289685378054065,0.012796190108949411,0.011498407359297653,0.011350863154303264,0.0007093962641209014,0.020246683034401657,0.023858353967801227,0.022121433095722516,0.022064999580123118,0.0010199438252550472,6.354094132814503,7.178673734425181,6.836546333195381,6.933769192325888,0.22783722447368482,0.021473633796675346,0.02454577242567929,0.022703432601812606,0.022584250099479147,0.0008656012048197016,0.010551769159083211,0.012102410671460772,0.011339669568405406,0.01148776075275178,0.0005502012442255309,2304,7168,128,512,1536,128,64,128
0.6378014909003322,0.7534665691512836,0.6847983511017409,0.6764053476551781,0.03666484585114054,2.1632873380959547,2.443128882850376,2.3025465493784543,2.2963572626135864,0.08988736692895172,0.23234838222804724,0.26441201885883936,0.24855515767599795,0.2500611231030833,0.010660272938814084,0.9426346279732993,1.087331945893186,1.0143761061036047,1.0125423414903085,0.039539414396098406,0.010675668834221774,0.012875506955041579,0.011952893447001154,0.012122782712327713,0.0007202919805419683,0.022101402737611738,0.024679178400976175,0.023458040274151777,0.02345822701153865,0.000906761806312448,6.505564767929433,7.609996932716965,7.066025157572341,7.13451751004715,0.36196713793383994,0.02227445524667535,0.02669135334629655,0.024171876047949882,0.024149229366631282,0.0012979470079330872,0.011524425792691806,0.013193839515348976,0.012165063851823456,0.012104535149015504,0.0005012730338345735,2432,7168,128,512,1536,128,64,128
0.6771044945210181,0.7598917344404362,0.7187781712550743,0.7178989064779,0.030524211713584225,2.2731794930842653,2.596534551732545,2.4868778850637647,2.5270305840822385,0.11398143630457287,0.23704886721574775,0.27118483223390644,0.2570945250576501,0.25894971605725836,0.00973672397769408,1.0151383201937731,1.1706924916645727,1.0767536390252341,1.0609090873947622,0.05580102971042417,0.012016233968523372,0.013255274993210057,0.012590967768701245,0.012531029183662931,0.000472034815109278,0.021520354720252377,0.027111027740378348,0.02448170190151534,0.024480704601838266,0.0014344161695352521,6.979702805951741,8.177924131656848,7.453837638136939,7.354212066101354,0.35642813264984485,0.024055030885856237,0.02621667181201678,0.02515997395058378,0.025098259786101855,0.0006379239265570861,0.011557394244142389,0.01364289078902614,0.012319252344444162,0.012216855402588808,0.0005726410377580055,2560,7168,128,512,1536,128,64,128
0.7088009555597217,0.8430764632128456,0.7597471192561326,0.7509641207510229,0.04373113778432896,2.3617945429025644,2.782378750817977,2.568871167679735,2.585541507535997,0.14908076022259456,0.27065737114231,0.30318703387350077,0.28381281736722547,0.28302176046359295,0.008996960980759855,1.045118752511704,1.1937092086310335,1.1223718454272018,1.1271067528554397,0.05328927203946348,0.01144012018423378,0.014443346806281834,0.013246117215881504,0.013242282362975068,0.0008219638246759805,0.022876681342488287,0.027597943290471296,0.025571789667465254,0.02608075111380622,0.00150463652484489,7.510546316969208,8.53610291699924,8.050297725481519,8.080300655566358,0.29907691015044624,0.024495552264557557,0.028245788683564213,0.026236871862362114,0.026098635833009816,0.0011518819276319255,0.012312986640911796,0.014243070945270062,0.013078022298257155,0.012941832248009412,0.0005816862340358922,2688,7168,128,512,1536,128,64,128
0.7142342277500934,0.8327759485677232,0.7663228612283774,0.7596791479156503,0.03836601371757824,2.4575880151688168,3.024901763517294,2.626552160586363,2.6081566588726552,0.14953348244728068,0.26206094837862387,0.312951526810353,0.2893045565866867,0.29311218081137747,0.01592328303468213,1.1092878822407441,1.2716728746587216,1.1957265865711464,1.188391982658899,0.04483381772013756,0.01185626638047612,0.014391326738499039,0.013500471491006796,0.013698955225236474,0.000737731025684131,0.026391294574040536,0.029413988417249334,0.027873705955216238,0.027746934933359654,0.000881938628371805,7.217945198913163,8.698963435905057,8.01451035396434,8.028045959583716,0.44121606687720166,0.02417060284116874,0.02889788441005934,0.02685458401497385,0.026601905570958838,0.001353982642646086,0.012878705835897983,0.014873791289335825,0.0138158112385583,0.013735576018041885,0.0005900927087106666,2816,7168,128,512,1536,128,64,128
0.7254674020050497,0.8326497537302209,0.7963569565253291,0.8009950709531182,0.03234758332967446,2.5679817685592474,2.9941126831591363,2.8147346053316378,2.840226980331499,0.12034516410504517,0.2844550278736353,0.32902023151723403,0.31013869316487364,0.3108596968899967,0.011448238367716313,1.118841061647306,1.3667051002603743,1.2212830056284836,1.2255518983022715,0.0766511667139221,0.01329142318438842,0.015178951637960215,0.014188685463318921,0.014232334620007135,0.0007136642543189249,0.026560052041430048,0.030873075406933632,0.02880868890598718,0.029223034820257905,0.0013299366380007827,7.387521538665444,9.235556125051133,8.610197027957309,8.740973855601291,0.5393409210723231,0.026641138694806842,0.03151177878706632,0.029258888145568963,0.029159340776014953,0.0014013408007171736,0.013273715590421026,0.015062024810939831,0.014302823488811702,0.014295960148214918,0.0005459511717880695,2944,7168,128,512,1536,128,64,128
0.8060770524719274,0.949634111752174,0.877728550904091,0.8805702226199489,0.03978110977826144,2.6891453677599984,3.1675996398606365,2.9018111077021365,2.907302565499788,0.13902404708121802,0.3016487387073302,0.33977534037059687,0.3228063763888502,0.326438625916567,0.011696457867137737,1.2298385933859406,1.369012666852699,1.29762115013861,1.3049635030891547,0.04586792943079014,0.014068034891291313,0.01636751922152735,0.015025962642576279,0.014974689937085353,0.000626536840201949,0.02783566713891346,0.03351108391728852,0.02973225603963439,0.029445118093763697,0.0015309402276626118,8.022184477524954,9.973028719985273,8.981856952313557,8.98004541001192,0.5632374897534316,0.027972678818603647,0.03250948455426743,0.030257777967518728,0.030088871258689757,0.0016912583346711866,0.013699674682493813,0.01610863795172925,0.014935447005068176,0.015175609733413638,0.0008274947042775011,3072,7168,128,512,1536,128,64,128
0.8184484066512836,0.956681290801275,0.8817458732344715,0.8726317076391293,0.04080549845828684,2.7996588686871453,3.3958645958511653,3.1006905221143053,3.09181243396697,0.19914724126350244,0.2887640954257956,0.3608648676877285,0.3280604810957388,0.32754703849902084,0.021685618711854284,1.2388134514771936,1.4311526913379609,1.324394321650358,1.3117137525126732,0.064349500422026,0.014519348491510568,0.017215658463156338,0.01555553279839283,0.015456996637765622,0.0007113588484398289,0.02862539792731407,0.034736713023753855,0.03171375116295355,0.03147544065050605,0.0019876072300668707,8.731006472319518,10.086911335606978,9.389200538139578,9.346669426322391,0.4567879195414556,0.029871266713939654,0.03434886352487619,0.03152725665435244,0.03169366468057824,0.0014207595477261296,0.014773131094681688,0.016885436663343346,0.015898044893629164,0.015841471172559865,0.0005986643869189897,3200,7168,128,512,1536,128,64,128
0.8478676882364645,0.9991463450025253,0.9296213118554769,0.9395821183097173,0.049560704409732,2.9143264011046117,3.3091233584747006,3.148383339603617,3.1502350686800114,0.09706923385848747,0.31504959479422145,0.34827491054661275,0.3361560517611567,0.33864339714442304,0.008865449527572213,1.3003683151273415,1.579675354477379,1.39902977424987,1.4044036357573382,0.0770902634946457,0.01589029238100511,0.017117880840836736,0.016480555211570526,0.016371835079795165,0.0004290767204591079,0.02964612586897069,0.03507389671656566,0.03286338573136572,0.0333483657604703,0.0016143561223320951,9.262621475892859,10.178980078302935,9.71396779046315,9.718855558840346,0.33498142200136066,0.02988347407826067,0.03432482522882682,0.03204467252536132,0.03188501411292952,0.0012387793213731934,0.015152252002508158,0.017531190483291242,0.01602132191543778,0.015983146913339664,0.000639102939603188,3328,7168,128,512,1536,128,64,128
0.8875140974156462,1.0367099151898753,0.9611040049549642,0.9546496200984598,0.03877489452969462,3.101578902223728,3.6279075578571334,3.327780905911273,3.3363003148256745,0.15590333658128294,0.3388816826100208,0.3834155302629167,0.35536591837060727,0.351422617970354,0.012843829973648174,1.309075743572731,1.5507135887946686,1.4251431232754008,1.4497483838657241,0.07594652483935638,0.016201288577700312,0.01805548849812851,0.016991612910316492,0.01676571115557674,0.000690964149224022,0.03137328553915236,0.03693906096282087,0.033915154594430744,0.034021332337677526,0.001566655672833524,9.456566303338242,11.263224522500833,10.363966730120154,10.301742685372439,0.609376604926434,0.03050829032823576,0.03632981428526114,0.0336763765808896,0.033541996330506176,0.001711772092388388,0.01517928747170452,0.018149679830986212,0.016716151415158725,0.016687262271043217,0.0009594347251504448,3456,7168,128,512,1536,128,64,128
0.947724954944211,1.0886061033939343,1.0015500506614334,1.006277247597836,0.04147156697659382,3.024014346415895,3.5568052495179585,3.3760127016634014,3.43833419877431,0.160344429897222,0.35373192643738843,0.40264510251505653,0.3760125904697716,0.37673814802957795,0.01244886563604297,1.4273563126989741,1.6900000070372005,1.5273306260661967,1.5272416629285652,0.07246150865302968,0.015548636028699716,0.018704457327271336,0.017031157782985605,0.016817195465463942,0.0010298235635163248,0.031646473659504015,0.03831725585314998,0.03471726895494264,0.03468577580596328,0.0017410884046216114,10.048395561199177,11.319981553495953,10.879237734788228,10.905483401837602,0.34213849349009234,0.03409106518634155,0.04021474540429001,0.03587496385277392,0.035342154611169505,0.0017281018926388631,0.01629200035973388,0.017771403848784985,0.017115088290966522,0.017076749224862787,0.00047577525728827093,3584,7168,128,512,1536,128,64,128
0.9838548208367676,1.0803835377541116,1.0383465530994842,1.0479271056146002,0.03418246487706462,3.3051331153993844,3.9444356819645763,3.5283398941203385,3.4461704717268655,0.1912723550804353,0.36244244741419035,0.40440240597756955,0.38080256598067685,0.3804947445915454,0.011135743843549645,1.4045291388503578,1.712098268417317,1.6032047885317506,1.614263479925433,0.08404207315384359,0.016571919885945374,0.01906075905907675,0.017767973023243084,0.017748616277183063,0.0007615644816383382,0.033872506715349374,0.0382855832238049,0.03590466386974071,0.0360066133349842,0.0013028329669658512,9.536035799322486,11.263170587684044,10.68592290261875,10.9722569876973,0.5107117049180473,0.033969517411826196,0.04011081398270674,0.037258927674689406,0.03723235959331209,0.001717460877813683,0.016657156059375556,0.01935729327832878,0.018106151474277563,0.01818727120802025,0.0007688807372802332,3712,7168,128,512,1536,128,64,128
0.9981835551085819,1.1196115241800448,1.0593746605003336,1.0622870053761113,0.030391325093965735,3.5381517846309873,3.787912262025051,3.6601320296822637,3.6613080600188193,0.08063754883089996,0.3651553677672351,0.4093952688847444,0.3930814623393658,0.39793886151115393,0.013437070629291335,1.535108521724572,1.651404896147858,1.6022061402734942,1.6019148633212787,0.035347456057048955,0.017621357217775326,0.021024455262987234,0.018961897258767672,0.018577706626705,0.00106930020194276,0.03475593168130424,0.03934971375713288,0.03705104113348468,0.03713057560377545,0.0016209955554333556,11.074452192424285,11.83586572630906,11.509830449466103,11.667219531992542,0.28894922666704814,0.03232902444459868,0.040017651756218936,0.03717738186896773,0.037347005322936194,0.0023798811244991162,0.01637678433208312,0.019412789497941188,0.018466967341722852,0.018829061049581725,0.0009824710320003747,3840,7168,128,512,1536,128,64,128
0.9758407799188835,1.214080638318469,1.0887010250133469,1.0867014356849714,0.07252774650071199,3.42049687675684,3.8668822568762837,3.700646984574191,3.67963823142043,0.12955744349838655,0.3575951763222213,0.42050974350145576,0.40101404511044836,0.40747991034590164,0.020720707607494355,1.6303059312013541,1.8161137360592479,1.6999594718266102,1.6824563924867808,0.06196750676343023,0.018609034911324988,0.021642165834111448,0.019873808153262645,0.019901051921177117,0.0009424082151937528,0.03606734403959076,0.04250815217028625,0.03900804011761329,0.03853152632143348,0.001961012129722623,10.980929086806707,12.89231345193219,11.787760634623359,11.67352067458203,0.666806328707646,0.03401919271287643,0.041955619481676004,0.0381241256279007,0.03767524572743673,0.002282100282783586,0.017583385994305294,0.021117214511065917,0.019219524731801822,0.01924423649377107,0.0010304027724631973,3968,7168,128,512,1536,128,64,128
1.0724523528987822,1.220030597174595,1.1468185318376354,1.1492928560550177,0.04209366399670997,3.6132651018314452,4.188387794298211,3.857816165437607,3.865776891554467,0.1629252949681547,0.3995905463834111,0.47606058763061926,0.431985691291613,0.43253617570466996,0.021168600952624496,1.594859252707249,1.8330852087265164,1.7565386217232857,1.7689331787640583,0.0711986383952558,0.018478567019085693,0.0217897907703084,0.020122381715171948,0.01999268902367405,0.0011049417334966537,0.03804470632569039,0.04318167066785394,0.04016235281360589,0.04008678623207745,0.001504711647859021,10.956090375919294,12.442827490092691,11.994211711788376,12.141462293186901,0.46970185239996254,0.038649921977161064,0.043058202013346494,0.04126382161493456,0.04153693053184966,0.0012666317867983405,0.018686727712747753,0.02145881913585647,0.019961469200858412,0.020064182004262535,0.0008294168968271054,4096,7168,128,512,1536,128,64,128
