time_stats.moe_router_gate.min,time_stats.moe_router_gate.max,time_stats.moe_router_gate.mean,time_stats.moe_router_gate.median,time_stats.moe_router_gate.std,time_stats.moe_router_topk.min,time_stats.moe_router_topk.max,time_stats.moe_router_topk.mean,time_stats.moe_router_topk.median,time_stats.moe_router_topk.std,time_stats.moe_router_softmax.min,time_stats.moe_router_softmax.max,time_stats.moe_router_softmax.mean,time_stats.moe_router_softmax.median,time_stats.moe_router_softmax.std,time_stats.moe_expert_dispatch.min,time_stats.moe_expert_dispatch.max,time_stats.moe_expert_dispatch.mean,time_stats.moe_expert_dispatch.median,time_stats.moe_expert_dispatch.std,time_stats.moe_expert_gemm.min,time_stats.moe_expert_gemm.max,time_stats.moe_expert_gemm.mean,time_stats.moe_expert_gemm.median,time_stats.moe_expert_gemm.std,time_stats.moe_expert_combine.min,time_stats.moe_expert_combine.max,time_stats.moe_expert_combine.mean,time_stats.moe_expert_combine.median,time_stats.moe_expert_combine.std,time_stats.moe_shared_expert.min,time_stats.moe_shared_expert.max,time_stats.moe_shared_expert.mean,time_stats.moe_shared_expert.median,time_stats.moe_shared_expert.std,time_stats.moe_block_norm.min,time_stats.moe_block_norm.max,time_stats.moe_block_norm.mean,time_stats.moe_block_norm.median,time_stats.moe_block_norm.std,time_stats.moe_block_residual.min,time_stats.moe_block_residual.max,time_stats.moe_block_residual.mean,time_stats.moe_block_residual.median,time_stats.moe_block_residual.std,num_tokens,hidden_size,num_routed_experts,num_experts_per_tok,expert_intermediate_size,num_shared_experts
0.001,0.001,0.0010000000000000002,0.001,2.168404344971009e-19,0.001,0.001,0.0010000000000000002,0.001,2.168404344971009e-19,0.001,0.001,0.0010000000000000002,0.001,2.168404344971009e-19,0.001,0.001,0.0010000000000000002,0.001,2.168404344971009e-19,0.013407438786293326,0.015480764319747405,0.0145177200683835,0.014550395990864468,0.0006281303146112154,0.001,0.001,0.0010000000000000002,0.001,2.168404344971009e-19,0.001,0.001,0.0010000000000000002,0.001,2.168404344971009e-19,0.001,0.001,0.0010000000000000002,0.001,2.168404344971009e-19,0.001,0.001,0.0010000000000000002,0.001,2.168404344971009e-19,1,7168,256,8,2048,1
0.001,0.001,0.0010000000000000002,0.001,2.168404344971009e-19,0.001,0.001,0.0010000000000000002,0.001,2.168404344971009e-19,0.001,0.001,0.0010000000000000002,0.001,2.168404344971009e-19,0.001,0.001,0.0010000000000000002,0.001,2.168404344971009e-19,0.027127147595101122,0.031686139449264766,0.028971517493390532,0.02859457471306375,0.0013969033847543964,0.001,0.001,0.0010000000000000002,0.001,2.168404344971009e-19,0.0017284709811801464,0.0020094086114857135,0.0018520342848844119,0.0018629248476915656,7.474999147277648e-05,0.001,0.001,0.0010000000000000002,0.001,2.168404344971009e-19,0.001,0.001,0.0010000000000000002,0.001,2.168404344971009e-19,2,7168,256,8,2048,1
0.001,0.001,0.0010000000000000002,0.001,2.168404344971009e-19,0.001,0.001,0.0010000000000000002,0.001,2.168404344971009e-19,0.001,0.001,0.0010000000000000002,0.001,2.168404344971009e-19,0.001,0.001,0.0010000000000000002,0.001,2.168404344971009e-19,0.0399924440306161,0.04921583772489714,0.043909797413399565,0.043661223317368866,0.0027352953619885953,0.001,0.001,0.0010000000000000002,0.001,2.168404344971009e-19,0.0025914668337350807,0.0030002841537372094,0.0027565212423976003,0.002725960233933244,0.00011640914950373212,0.001,0.001,0.0010000000000000002,0.001,2.168404344971009e-19,0.001,0.001,0.0010000000000000002,0.001,2.168404344971009e-19,3,7168,256,8,2048,1
0.001,0.001,0.0010000000000000002,0.001,2.168404344971009e-19,0.001,0.001,0.0010000000000000002,0.001,2.168404344971009e-19,0.001,0.001,0.0010000000000000002,0.001,2.168404344971009e-19,0.001,0.001,0.0010000000000000002,0.001,2.168404344971009e-19,0.0579019519543541,0.06265340393422862,0.06011186660451799,0.06029371555135989,0.0016211613227920154,0.001,0.001,0.0010000000000000002,0.001,2.168404344971009e-19,0.0035109866837228095,0.003855119442285601,0.003639497374643947,0.0036328487048259495,0.00010270827361777982,0.001,0.001,0.0010000000000000002,0.001,2.168404344971009e-19,0.001,0.001,0.0010000000000000002,0.001,2.168404344971009e-19,4,7168,256,8,2048,1
0.0011043194380554809,0.0012367521837211735,0.0011613269185854168,0.0011579584823077527,3.4485502209554236e-05,0.001,0.001,0.0010000000000000002,0.001,2.168404344971009e-19,0.001,0.001,0.0010000000000000002,0.001,2.168404344971009e-19,0.001,0.001,0.0010000000000000002,0.001,2.168404344971009e-19,0.06765699617526257,0.0758074811872138,0.0725827785842367,0.07326590017716599,0.002406566413374142,0.001,0.001,0.0010000000000000002,0.001,2.168404344971009e-19,0.004190812671837151,0.005068315420690837,0.004722919753968704,0.004785285856437655,0.0002632771515907813,0.001,0.001,0.0010000000000000002,0.001,2.168404344971009e-19,0.001,0.001,0.0010000000000000002,0.001,2.168404344971009e-19,5,7168,256,8,2048,1
0.0012959001083261837,0.0014442928860899313,0.0013522284047067167,0.0013411084383210467,4.586213557747368e-05,0.001,0.001,0.0010000000000000002,0.001,2.168404344971009e-19,0.001,0.001,0.0010000000000000002,0.001,2.168404344971009e-19,0.001,0.001,0.0010000000000000002,0.001,2.168404344971009e-19,0.0821219024790447,0.09494015592976549,0.0878969215358261,0.08778415521924282,0.004250506844712774,0.001,0.001,0.0010000000000000002,0.001,2.168404344971009e-19,0.005244341692510922,0.005722101704104578,0.005503546517347047,0.005520613599938178,0.0001660286860422388,0.001,0.001,0.0010000000000000002,0.001,2.168404344971009e-19,0.001,0.001,0.0010000000000000002,0.001,2.168404344971009e-19,6,7168,256,8,2048,1
0.0014094595601948927,0.0017241220306252094,0.0015965456870860508,0.0016149636298495077,8.714052741253359e-05,0.001,0.001,0.0010000000000000002,0.001,2.168404344971009e-19,0.001,0.001,0.0010000000000000002,0.001,2.168404344971009e-19,0.001,0.001,0.0010000000000000002,0.001,2.168404344971009e-19,0.09851950132832787,0.11461069588032753,0.10391414439772348,0.10403179678728311,0.0045811622521829175,0.001,0.001,0.0010000000000000002,0.001,2.168404344971009e-19,0.0058607111076344805,0.007036475042890472,0.006498730482490533,0.0066210486235030435,0.0003918305428392114,0.001,0.001,0.0010000000000000002,0.001,2.168404344971009e-19,0.001,0.001,0.0010000000000000002,0.001,2.168404344971009e-19,7,7168,256,8,2048,1
0.0016824155581308228,0.001978510470383252,0.0017910505575372455,0.001771829181594564,9.4586933748793e-05,0.001,0.001,0.0010000000000000002,0.001,2.168404344971009e-19,0.001,0.001,0.0010000000000000002,0.001,2.168404344971009e-19,0.001,0.001,0.0010000000000000002,0.001,2.168404344971009e-19,0.1054342062064397,0.12793458423668558,0.11711242562862503,0.11552866756848175,0.007301580374425177,0.001,0.001,0.0010000000000000002,0.001,2.168404344971009e-19,0.006891898353049751,0.007777952616949485,0.007367635602768885,0.007377752384343799,0.0002849969773230617,0.001,0.001,0.0010000000000000002,0.001,2.168404344971009e-19,0.001,0.001,0.0010000000000000002,0.001,2.168404344971009e-19,8,7168,256,8,2048,1
0.001890887206174576,0.00214453438018204,0.0020369616999559403,0.0020591346769993028,7.727757015817412e-05,0.001,0.001,0.0010000000000000002,0.001,2.168404344971009e-19,0.001,0.001,0.0010000000000000002,0.001,2.168404344971009e-19,0.001,0.001,0.0010000000000000002,0.001,2.168404344971009e-19,0.12767965973972087,0.14927140243413295,0.13589058262701742,0.13262020100838262,0.007441191976646169,0.001,0.001,0.0010000000000000002,0.001,2.168404344971009e-19,0.007583898001647539,0.008717713629275509,0.008313598871663903,0.008444326759728466,0.00035516820240412205,0.001,0.001,0.0010000000000000002,0.001,2.168404344971009e-19,0.001,0.001,0.0010000000000000002,0.001,2.168404344971009e-19,9,7168,256,8,2048,1
0.0021267869109947274,0.002463652844151403,0.002330377217402854,0.002324063469100848,9.482794840906574e-05,0.001,0.001,0.0010000000000000002,0.001,2.168404344971009e-19,0.001,0.001,0.0010000000000000002,0.001,2.168404344971009e-19,0.001,0.001,0.0010000000000000002,0.001,2.168404344971009e-19,0.1409165900020399,0.15747915328163212,0.14699365289716101,0.14296410524536068,0.0059184170096257885,0.001,0.001,0.0010000000000000002,0.001,2.168404344971009e-19,0.008555964088050762,0.010014319920877918,0.00916925432953063,0.009141480388838568,0.0004119417520436483,0.001,0.001,0.0010000000000000002,0.001,2.168404344971009e-19,0.001,0.001,0.0010000000000000002,0.001,2.168404344971009e-19,10,7168,256,8,2048,1
0.0023553494599295116,0.0028005261352935717,0.002574124412855357,0.0025625456188888168,0.00011362986002145855,0.001,0.001,0.0010000000000000002,0.001,2.168404344971009e-19,0.001,0.001,0.0010000000000000002,0.001,2.168404344971009e-19,0.001,0.001,0.0010000000000000002,0.001,2.168404344971009e-19,0.14940260423824883,0.1766731932168581,0.16084996097319842,0.16115414437308334,0.008141127529930535,0.001,0.001,0.0010000000000000002,0.001,2.168404344971009e-19,0.009385552850949977,0.01101897789265482,0.010304897677045292,0.010320809953072621,0.0004807260020652612,0.001,0.001,0.0010000000000000002,0.001,2.168404344971009e-19,0.001,0.001,0.0010000000000000002,0.001,2.168404344971009e-19,11,7168,256,8,2048,1
0.002475477778137205,0.003004727250470334,0.00273479462262429,0.0027205125540642867,0.0001368730936519698,0.001,0.001,0.0010000000000000002,0.001,2.168404344971009e-19,0.001,0.001,0.0010000000000000002,0.001,2.168404344971009e-19,0.001,0.001037918923059931,0.0010056397509158404,0.001,1.2088155220282233e-05,0.1617225715180867,0.19032903030063134,0.17537795034943224,0.1762978434554999,0.009162937360806504,0.001,0.001,0.0010000000000000002,0.001,2.168404344971009e-19,0.010657369515278466,0.01167431704692701,0.011062053330559537,0.011092512998944582,0.0003207469754392055,0.001,0.001,0.0010000000000000002,0.001,2.168404344971009e-19,0.001,0.001,0.0010000000000000002,0.001,2.168404344971009e-19,12,7168,256,8,2048,1
0.0029345108494884475,0.003296794365545085,0.0030267307214471404,0.002989835468475634,0.00011069888922677455,0.001,0.001,0.0010000000000000002,0.001,2.168404344971009e-19,0.001,0.001,0.0010000000000000002,0.001,2.168404344971009e-19,0.0010059419093362363,0.0011376734476878812,0.0010435822628847625,0.001030412344498823,3.6390154448847045e-05,0.18019066163045608,0.2067579162980457,0.19314257367889343,0.19416390664792582,0.008896264955709145,0.001,0.001,0.0010000000000000002,0.001,2.168404344971009e-19,0.011086476272797009,0.012899117691099719,0.011893348044934296,0.01185015927982017,0.0005508850141268998,0.001,0.001,0.0010000000000000002,0.001,2.168404344971009e-19,0.001,0.001,0.0010000000000000002,0.001,2.168404344971009e-19,13,7168,256,8,2048,1
0.0029441480733683727,0.0033384615414139124,0.0031547132591514884,0.0031859335869055755,0.00011276105006441255,0.001,0.001,0.0010000000000000002,0.001,2.168404344971009e-19,0.001,0.001,0.0010000000000000002,0.001,2.168404344971009e-19,0.0010170450241984545,0.0011894299781430358,0.0010906489186312917,0.0010961959466043248,4.3895465751269955e-05,0.19304777811302706,0.22792923130977594,0.20596125774912283,0.20086641429538044,0.010705154139658958,0.001,0.001,0.0010000000000000002,0.001,2.168404344971009e-19,0.011984471355085131,0.014525121740078759,0.013169338794412982,0.013020254198225178,0.0008149689979820155,0.001,0.001,0.0010000000000000002,0.001,2.168404344971009e-19,0.001,0.001,0.0010000000000000002,0.001,2.168404344971009e-19,14,7168,256,8,2048,1
0.0032025599636102183,0.0036591422086516443,0.0034201955296533555,0.0034431194499747195,0.00013517172468783961,0.001,0.001,0.0010000000000000002,0.001,2.168404344971009e-19,0.001,0.001,0.0010000000000000002,0.001,2.168404344971009e-19,0.0011548667259264462,0.0013179491904745774,0.0012006728305622987,0.001189133499617224,4.452358837121971e-05,0.21064581770234128,0.2325287683321242,0.22122757728200032,0.22065895197544327,0.007393820274432192,0.001,0.0010026659788601865,0.0010002665978860188,0.001,7.997936580559457e-07,0.01242306304349764,0.014198104724674306,0.013605288871558336,0.013779842856756486,0.0005548841022157153,0.001,0.001,0.0010000000000000002,0.001,2.168404344971009e-19,0.001,0.001,0.0010000000000000002,0.001,2.168404344971009e-19,15,7168,256,8,2048,1
0.0031996771499975714,0.0038154262612576768,0.0035603084668220666,0.0035727191441348345,0.00019493676774399914,0.001,0.001,0.0010000000000000002,0.001,2.168404344971009e-19,0.001,0.001,0.0010000000000000002,0.001,2.168404344971009e-19,0.0012029113831033636,0.0013848317633290942,0.00128078021544198,0.001280538076617055,5.807761110074279e-05,0.21941136206219675,0.2589406519635214,0.23522957836724454,0.23391184440894022,0.011490369044478903,0.001,0.0010750666825977745,0.0010246934577780836,0.001013416318813182,2.7467392854244767e-05,0.014230488340988222,0.016295255057256514,0.015229356717468463,0.01509472940556246,0.0005598288184189615,0.001,0.001,0.0010000000000000002,0.001,2.168404344971009e-19,0.001,0.001,0.0010000000000000002,0.001,2.168404344971009e-19,16,7168,256,8,2048,1
0.003652393022676109,0.004147455483898424,0.003940521871725018,0.00396234209784148,0.00015067150310989815,0.001,0.001,0.0010000000000000002,0.001,2.168404344971009e-19,0.001,0.001,0.0010000000000000002,0.001,2.168404344971009e-19,0.0012691899725678294,0.001407588809660063,0.0013235066813755485,0.0013196593547660706,4.1891514806462145e-05,0.2279543468110021,0.2715447084159895,0.2492010249828073,0.24903524232615012,0.014639341686315942,0.0010325243463213264,0.0011984043370511259,0.0011159506932636998,0.0011217988888419974,5.4671344320159745e-05,0.014983445877318534,0.01677670452280173,0.015778775602867008,0.015655774716838815,0.0005524535939791882,0.001,0.001,0.0010000000000000002,0.001,2.168404344971009e-19,0.001,0.001,0.0010000000000000002,0.001,2.168404344971009e-19,17,7168,256,8,2048,1
0.00354148916697684,0.004241581314343029,0.003978777448190346,0.0040321305394602665,0.00021150491897410534,0.001,0.001,0.0010000000000000002,0.001,2.168404344971009e-19,0.001,0.001,0.0010000000000000002,0.001,2.168404344971009e-19,0.0012357956066995587,0.0014684094419316362,0.0013826114571323122,0.0013956083841281256,6.925412079906201e-05,0.243291203342011,0.28007788004815193,0.2605788598956531,0.2595682794760644,0.012241671803099466,0.0010678600226824652,0.0011896108509053655,0.0011282903666083941,0.0011323852154528514,3.5053831034161826e-05,0.014125356892420457,0.018243245483872315,0.01620605807316746,0.016249080243108855,0.0011927191796301177,0.001,0.001,0.0010000000000000002,0.001,2.168404344971009e-19,0.001,0.001,0.0010000000000000002,0.001,2.168404344971009e-19,18,7168,256,8,2048,1
0.004051214816629809,0.0047739874531067625,0.004444437057815575,0.004470550862270996,0.00021049171446972008,0.001,0.001,0.0010000000000000002,0.001,2.168404344971009e-19,0.001,0.001,0.0010000000000000002,0.001,2.168404344971009e-19,0.0014096706689831517,0.0015821654420959035,0.0015022552204502454,0.0015036785776270127,4.8685283725162504e-05,0.2497292653942792,0.29776620874370785,0.2788468657556231,0.2783838750785345,0.014346175007766145,0.0011327318952954013,0.0012834129315622482,0.0012034023797325862,0.001170837814376188,5.3670416098921526e-05,0.0164311808510408,0.018497387379957424,0.017422951482355648,0.01753775989688155,0.0005705671007695844,0.001,0.001,0.0010000000000000002,0.001,2.168404344971009e-19,0.001,0.001,0.0010000000000000002,0.001,2.168404344971009e-19,19,7168,256,8,2048,1
0.004095714894043955,0.004849216481969519,0.0045910129210286026,0.004606355114376604,0.00020303612788722007,0.001,0.001,0.0010000000000000002,0.001,2.168404344971009e-19,0.001,0.001,0.0010000000000000002,0.001,2.168404344971009e-19,0.0014900505363913616,0.0016532717423912652,0.0015854421475111427,0.001579216820286466,4.745001365952946e-05,0.25432457625391075,0.3177780729297695,0.29571479506790366,0.30281365181927455,0.02017379623564918,0.001149877136756427,0.0013856839198436134,0.001265224986574325,0.00125620745142769,6.571026671404199e-05,0.01716642033840641,0.019937195622795854,0.018147684112243493,0.01790112825711867,0.0007116867757802888,0.001,0.001,0.0010000000000000002,0.001,2.168404344971009e-19,0.001,0.001,0.0010000000000000002,0.001,2.168404344971009e-19,20,7168,256,8,2048,1
0.004389642613481642,0.005283241076193955,0.004735862541091698,0.004731854002571005,0.00028997869572488453,0.001,0.001,0.0010000000000000002,0.001,2.168404344971009e-19,0.001,0.001,0.0010000000000000002,0.001,2.168404344971009e-19,0.001546803709555727,0.0017188119895006958,0.0016459918465818485,0.0016546431495660947,4.764977529397518e-05,0.2797219514748032,0.32831635588406993,0.30640105512602694,0.30849985962856874,0.013969630066406299,0.001234167582915981,0.0014290047773274992,0.001331373732196607,0.001330514570045426,6.091225581086258e-05,0.017611262686746173,0.02055704953897412,0.019300466181288202,0.019616490525292324,0.001079773045203076,0.001,0.001,0.0010000000000000002,0.001,2.168404344971009e-19,0.001,0.001,0.0010000000000000002,0.001,2.168404344971009e-19,21,7168,256,8,2048,1
0.0049440764272556436,0.005458365808012678,0.0050835132010817255,0.005029343339058708,0.0001503009641805469,0.001,0.001,0.0010000000000000002,0.001,2.168404344971009e-19,0.001,0.001,0.0010000000000000002,0.001,2.168404344971009e-19,0.0015013034160139872,0.0018969914794316383,0.0017130164881059087,0.001716740894783365,0.0001283866543419403,0.29917000934291266,0.36624844804627676,0.3262972301710129,0.32632334774506644,0.018014720426551833,0.0013480741609897518,0.0014524159547405866,0.0013854279470559227,0.0013832453293848791,3.184159060768215e-05,0.018058543071489845,0.023389297389513123,0.020317465425519543,0.020029200257618687,0.0015562661767709847,0.001,0.001,0.0010000000000000002,0.001,2.168404344971009e-19,0.001,0.001,0.0010000000000000002,0.001,2.168404344971009e-19,22,7168,256,8,2048,1
0.00491960037000038,0.005535923088911671,0.005294203835210392,0.0054089405393461885,0.00021352133194586778,0.001,0.001,0.0010000000000000002,0.001,2.168404344971009e-19,0.001,0.001,0.0010000000000000002,0.001,2.168404344971009e-19,0.0016168404906978307,0.0018713981303298056,0.00174013059527196,0.0017280606563434948,7.729948990011203e-05,0.2871252459428467,0.368627638505498,0.3387083803600018,0.3415095108300569,0.022590626076101333,0.0013103476693360945,0.0016358505652967338,0.0014570792990980885,0.001468721556156726,8.388980500921205e-05,0.020267260001716286,0.022321138461139624,0.020992797263100944,0.020958232940104543,0.0005620182879091464,0.001,0.001,0.0010000000000000002,0.001,2.168404344971009e-19,0.001,0.001,0.0010000000000000002,0.001,2.168404344971009e-19,23,7168,256,8,2048,1
0.005343564277443329,0.005854637885150267,0.0055905932902320194,0.005553266473128747,0.0001800225606306537,0.001,0.001,0.0010000000000000002,0.001,2.168404344971009e-19,0.001,0.001,0.0010000000000000002,0.001,2.168404344971009e-19,0.001763492635043688,0.002029000589367747,0.0018768349770146493,0.0018772402054850874,8.783544332418875e-05,0.3076755503600128,0.36595748654269905,0.34332845270963774,0.3463417611844608,0.014602841905736802,0.0014114390388518367,0.0016809461566209688,0.0015363879707179858,0.0015473437661481172,6.75637562060002e-05,0.020437042906936386,0.023763596376295004,0.022026643073403254,0.02212236293282988,0.0009577001826462766,0.001,0.001,0.0010000000000000002,0.001,2.168404344971009e-19,0.001,0.001,0.0010000000000000002,0.001,2.168404344971009e-19,24,7168,256,8,2048,1
0.005382439178978365,0.0061974886074247625,0.00572931023893036,0.0057453824499543605,0.00027030465579122587,0.001,0.001,0.0010000000000000002,0.001,2.168404344971009e-19,0.001,0.001,0.0010000000000000002,0.001,2.168404344971009e-19,0.0017970581687613528,0.0021508114866491067,0.0019467219558802888,0.00196332294653448,9.758868511969049e-05,0.3438200498409731,0.400752736540901,0.3714160991020228,0.37085122727970543,0.01705861305725295,0.0014648118957836158,0.0017265407647786342,0.0015697658604806458,0.0015502672533057884,6.891821470596678e-05,0.02083023103023191,0.02460508242569772,0.022996089273153608,0.022664455361913825,0.0011586214027890205,0.001,0.001,0.0010000000000000002,0.001,2.168404344971009e-19,0.001,0.001,0.0010000000000000002,0.001,2.168404344971009e-19,25,7168,256,8,2048,1
0.005195541461487362,0.006424664939167207,0.005886494192970186,0.005952480715145276,0.00034113906976898954,0.001,0.001,0.0010000000000000002,0.001,2.168404344971009e-19,0.001,0.001,0.0010000000000000002,0.001,2.168404344971009e-19,0.001855972754107205,0.0021757094390787548,0.0020227587698090593,0.0019948935119976545,9.763999634466655e-05,0.3535624543919617,0.41553182077360284,0.3873668369262644,0.3912859460718334,0.018847619330618334,0.0015439075740307042,0.0018776808826754358,0.0016808300395677975,0.00167136241624693,9.163882748363967e-05,0.022579015743009818,0.026038012499863258,0.024114716985654323,0.0242825900022307,0.0009639818281437487,0.001,0.001,0.0010000000000000002,0.001,2.168404344971009e-19,0.001,0.001,0.0010000000000000002,0.001,2.168404344971009e-19,26,7168,256,8,2048,1
0.005535209334390703,0.006543363056445453,0.006171734270752395,0.00620756799798554,0.00028647097930119205,0.001,0.001,0.0010000000000000002,0.001,2.168404344971009e-19,0.001,0.001,0.0010000000000000002,0.001,2.168404344971009e-19,0.001969518408108535,0.00226214640315277,0.0021165944682688975,0.0021095922681518267,8.18910658606724e-05,0.3778664566622465,0.4175464631020611,0.3938593397501154,0.39422734286471456,0.014124884257569035,0.0015317278991236608,0.001704988180918036,0.0016191179385171637,0.0016093952997194084,5.584153075895477e-05,0.023200027216217823,0.026888418100948833,0.024917008895799335,0.02475348128486637,0.0012284673424672106,0.001,0.001,0.0010000000000000002,0.001,2.168404344971009e-19,0.001,0.001,0.0010000000000000002,0.001,2.168404344971009e-19,27,7168,256,8,2048,1
0.005916079406367538,0.006698511172270827,0.006363797937927759,0.006383637281394376,0.0002178567694056834,0.001,0.001,0.0010000000000000002,0.001,2.168404344971009e-19,0.001,0.001,0.0010000000000000002,0.001,2.168404344971009e-19,0.002052130672557952,0.0022845474353260504,0.002204653697124221,0.0022180267933138847,7.508944907816724e-05,0.3832716742531923,0.46036088873436765,0.4176123430496309,0.4219594434220112,0.023908489003714367,0.001582028598832705,0.0019243450934022103,0.0017528225749871146,0.0017310762932871734,9.87991943433556e-05,0.024114705386478055,0.027588607164257727,0.025779572211432223,0.025542928631533936,0.0009903696144794054,0.001,0.001,0.0010000000000000002,0.001,2.168404344971009e-19,0.001,0.001,0.0010000000000000002,0.001,2.168404344971009e-19,28,7168,256,8,2048,1
0.006285833267903735,0.007657038075944192,0.006881479702423596,0.006812935239109901,0.0003648182736103067,0.001,0.001,0.0010000000000000002,0.001,2.168404344971009e-19,0.001,0.001,0.0010000000000000002,0.001,2.168404344971009e-19,0.0019670442014394942,0.0024775702737725846,0.0022325551115615684,0.0022843841869214197,0.00015112853770463165,0.4047876328825688,0.44470645646375945,0.4208127819135322,0.4195526264227641,0.014214338588182721,0.001681221403048835,0.0020500093738745916,0.0018510055138005253,0.0018269489962250858,0.00011025370740067328,0.024892342610027984,0.028280677632859776,0.026652483555259454,0.026572540779620176,0.0010156204556808026,0.001,0.001,0.0010000000000000002,0.001,2.168404344971009e-19,0.001,0.001,0.0010000000000000002,0.001,2.168404344971009e-19,29,7168,256,8,2048,1
0.006500243707422831,0.007394006461785961,0.0069555061161398314,0.006985229088669576,0.0002461680707438334,0.001,0.001,0.0010000000000000002,0.001,2.168404344971009e-19,0.001,0.001,0.0010000000000000002,0.001,2.168404344971009e-19,0.002179035114940003,0.0025557780878593486,0.0023128003486128056,0.0022838322077822406,0.00010802706703875195,0.41702467015989664,0.4746160835835822,0.44744419383376766,0.45284163451602577,0.01860156321986744,0.001746830830644352,0.0019545163324375,0.0018512612439467839,0.0018547563960854305,8.28860089868273e-05,0.024863826738863646,0.02837153200631987,0.026914794855884938,0.02701626776557047,0.0011068036438017259,0.001,0.001,0.0010000000000000002,0.001,2.168404344971009e-19,0.001,0.001,0.0010000000000000002,0.001,2.168404344971009e-19,30,7168,256,8,2048,1
0.006996911771651479,0.007838625947433132,0.007378051848779385,0.007373195832200838,0.00025212075833209714,0.001,0.001,0.0010000000000000002,0.001,2.168404344971009e-19,0.001,0.001,0.0010000000000000002,0.001,2.168404344971009e-19,0.0023153349806306106,0.002662495681494854,0.002500227281583302,0.0025076612537861796,0.00011400314569042221,0.39816118094930303,0.4685315964350901,0.45108406466953993,0.4590570754873803,0.020801564292904445,0.0018279716394279271,0.002107561708274313,0.0019483023753314385,0.0019266119631368315,8.750994358631365e-05,0.02734252951075303,0.029763558586916,0.028612233215103405,0.028644571668064944,0.0008327916945098195,0.001,0.001,0.0010000000000000002,0.001,2.168404344971009e-19,0.001,0.001,0.0010000000000000002,0.001,2.168404344971009e-19,31,7168,256,8,2048,1
0.006695328665939296,0.00757052160056971,0.007224858100218859,0.007209789900480426,0.0002588901702180946,0.001,0.001,0.0010000000000000002,0.001,2.168404344971009e-19,0.001,0.001,0.0010000000000000002,0.001,2.168404344971009e-19,0.0023243512691495534,0.0027130131895319364,0.0025316714821911578,0.0024936686478717763,0.000109201167642248,0.4304300257333369,0.5227133266489641,0.47923625656265945,0.46578114882903354,0.03000625298644112,0.0018483357450579207,0.0021476934426118274,0.001956344826286932,0.0019401628956292744,8.358152469548682e-05,0.02778263456396469,0.03119801665717462,0.02948524023669145,0.029380406460039143,0.0011371297388526498,0.001,0.001,0.0010000000000000002,0.001,2.168404344971009e-19,0.001,0.001,0.0010000000000000002,0.001,2.168404344971009e-19,32,7168,256,8,2048,1
0.007927300338932405,0.009827666999628086,0.008872913950762994,0.008954031713520137,0.0005744171439955589,0.001,0.001,0.0010000000000000002,0.001,2.168404344971009e-19,0.001,0.001,0.0010000000000000002,0.001,2.168404344971009e-19,0.0030107880819194577,0.0034138451302025644,0.0031917379821585754,0.003205242845544338,0.00011851922783895608,0.5670047566999821,0.63455159071428,0.5962991775693635,0.5926497351907534,0.018453714595560253,0.0022950644796843208,0.0026840838344688728,0.0024995363464355913,0.0024611237649111734,0.00011767142256572933,0.031261419836047084,0.038590619851239356,0.035919605517146944,0.03641215411211572,0.0020664768895279945,0.001,0.001,0.0010000000000000002,0.001,2.168404344971009e-19,0.001,0.001,0.0010000000000000002,0.001,2.168404344971009e-19,40,7168,256,8,2048,1
0.009973304333553156,0.012123445720191263,0.01107267806723479,0.011111934014028064,0.0006264147286289278,0.001,0.001,0.0010000000000000002,0.001,2.168404344971009e-19,0.001,0.001,0.0010000000000000002,0.001,2.168404344971009e-19,0.003392286082897989,0.004103941435751286,0.0037026986214983245,0.0036670565451337946,0.00021862713979708997,0.6058294580811985,0.7525578356656365,0.6872519195330303,0.6875147158933567,0.04304214166443938,0.0027195387450456867,0.0031800392624608247,0.002990783834544597,0.0029734440177392124,0.0001278452874230882,0.038622667547918675,0.045111000138950905,0.04311586546674527,0.04350517195006004,0.00185578699712862,0.001,0.001,0.0010000000000000002,0.001,2.168404344971009e-19,0.001,0.001,0.0010000000000000002,0.001,2.168404344971009e-19,48,7168,256,8,2048,1
0.011891409458545459,0.013994557971832973,0.012920983761737745,0.012944013926751298,0.0005160008853676234,0.001,0.001,0.0010000000000000002,0.001,2.168404344971009e-19,0.001,0.001,0.0010000000000000002,0.001,2.168404344971009e-19,0.00397731704444656,0.0046548829538001334,0.004413457897280459,0.004484316731269294,0.00019467731230549885,0.7464205910544691,0.8913102386491053,0.824885639236807,0.8401164931919123,0.04404946864564736,0.0032883415363017094,0.0037896962447904517,0.0034901868141427863,0.0034582267974868,0.00015271675574927615,0.04654954610016585,0.054854724997528595,0.05113007462761837,0.0508225929205471,0.002142934056408148,0.001,0.001,0.0010000000000000002,0.001,2.168404344971009e-19,0.001,0.001,0.0010000000000000002,0.001,2.168404344971009e-19,56,7168,256,8,2048,1
0.012566431635272048,0.01568037922634701,0.014338569725682709,0.014430092219760389,0.0008735143302507161,0.001,0.001,0.0010000000000000002,0.001,2.168404344971009e-19,0.001,0.001,0.0010000000000000002,0.001,2.168404344971009e-19,0.004700802838393422,0.0054574050504290214,0.005075899112370332,0.005176887052005339,0.0002548376787876566,0.8524247257182266,1.0483848557247044,0.9290135061237101,0.9226324792863926,0.05930225751731186,0.0038095367238522404,0.0042557731626626785,0.004037832416504727,0.004064773471998503,0.00014433506575819494,0.053942697373278246,0.06405412700638809,0.059849033222007506,0.06095682097824619,0.003534613792280234,0.001,0.001,0.0010000000000000002,0.001,2.168404344971009e-19,0.001,0.001,0.0010000000000000002,0.001,2.168404344971009e-19,64,7168,256,8,2048,1
0.015004911045735814,0.01891392843496377,0.016620060810614443,0.016641406227725752,0.001075362698170177,0.001,0.001,0.0010000000000000002,0.001,2.168404344971009e-19,0.001,0.001,0.0010000000000000002,0.001,2.168404344971009e-19,0.005367297909216452,0.006006218287810921,0.005706315947923479,0.005721799818988645,0.00021135082545292377,0.9447265089396286,1.1382388676690145,1.0394796315462291,1.0422979809901847,0.05335710232575671,0.003940243052279607,0.004877188431121846,0.0044770101231134405,0.004431658117630386,0.00030836574903292044,0.06277264835246145,0.07199270606725353,0.06729370241197004,0.06732441542405446,0.002725238580758342,0.001,0.001,0.0010000000000000002,0.001,2.168404344971009e-19,0.001,0.001,0.0010000000000000002,0.001,2.168404344971009e-19,72,7168,256,8,2048,1
0.01695900113961549,0.020030296715223137,0.018597630621610503,0.018874288543804678,0.0011121287089086245,0.001,0.001,0.0010000000000000002,0.001,2.168404344971009e-19,0.001,0.001,0.0010000000000000002,0.001,2.168404344971009e-19,0.005689408594416284,0.006860393480477053,0.006107426200990452,0.006057046776011611,0.00034168013802316486,1.077322687019722,1.282576291623355,1.1634188617985644,1.146642315154835,0.06443365683504326,0.004795945688864509,0.005541264016951651,0.005134993505849507,0.00513427626939127,0.00021307520427527678,0.06772107139264356,0.08186756501291828,0.0742232981183211,0.07324292088767898,0.004704923087681207,0.001,0.001,0.0010000000000000002,0.001,2.168404344971009e-19,0.001,0.001,0.0010000000000000002,0.001,2.168404344971009e-19,80,7168,256,8,2048,1
0.018422115707907583,0.02161702029344467,0.02048329774186643,0.020644048770742943,0.0008879868997465121,0.001,0.001,0.0010000000000000002,0.001,2.168404344971009e-19,0.001,0.001,0.0010000000000000002,0.001,2.168404344971009e-19,0.00586800201281172,0.007580709133422446,0.006746510158206197,0.006728227978393453,0.0004379733948122393,1.2074353826424704,1.4166624976455142,1.3111165741550614,1.3032522024241304,0.06171404424398752,0.0049209470909939105,0.005881246084247282,0.005451321790813911,0.005476311767385995,0.00029664399867935517,0.07034399214866632,0.0870570682584604,0.07877373329741408,0.07909762679217977,0.004391008044833919,0.001,0.001,0.0010000000000000002,0.001,2.168404344971009e-19,0.001,0.001,0.0010000000000000002,0.001,2.168404344971009e-19,88,7168,256,8,2048,1
0.01961074500915539,0.02394336996243696,0.02204548050588599,0.022529114428410116,0.0013959150698926155,0.001,0.001,0.0010000000000000002,0.001,2.168404344971009e-19,0.001,0.001,0.0010000000000000002,0.001,2.168404344971009e-19,0.007083157406432419,0.008049952822229476,0.0076604896171443655,0.007690859456338967,0.00033895246081304577,1.2816770237773072,1.5888033217157627,1.3991079962958,1.4064133449824716,0.08460845435453221,0.005343023488506434,0.00635837766615412,0.006057674699718396,0.0060692792146718804,0.00029202615338375196,0.08261920130222287,0.09400879965421419,0.0869839604424156,0.08615767292319385,0.0033477303028047033,0.001,0.0010370986595164202,0.0010064615886179434,0.001,1.3099568796199056e-05,0.001,0.001,0.0010000000000000002,0.001,2.168404344971009e-19,96,7168,256,8,2048,1
0.022281039619266432,0.026342175517098918,0.023778170152248375,0.02321576426363893,0.0012133169153212158,0.001,0.001,0.0010000000000000002,0.001,2.168404344971009e-19,0.001,0.001,0.0010000000000000002,0.001,2.168404344971009e-19,0.00786732137437618,0.008427325444815482,0.008186902232382791,0.00825436615078651,0.00017525872956414084,1.4439948271492142,1.5890308152758548,1.507716243579076,1.5057122000476435,0.04381350349397545,0.0058218947610293986,0.007219072587804105,0.006545018863317133,0.006585252362004574,0.00033440170232043045,0.08956240070563007,0.10127301711046993,0.09607548542669933,0.09712894590249571,0.003314049587876361,0.001,0.0010761413963374681,0.0010331616332229473,0.0010193338362445778,2.715765582085541e-05,0.001,0.001,0.0010000000000000002,0.001,2.168404344971009e-19,104,7168,256,8,2048,1
0.02499569411791827,0.0272985676373585,0.026332978475016457,0.02661439750185969,0.0007742774246723375,0.001,0.001,0.0010000000000000002,0.001,2.168404344971009e-19,0.001,0.001,0.0010000000000000002,0.001,2.168404344971009e-19,0.007736687059951117,0.009495138016839143,0.008631256201439643,0.008722620984208517,0.0005861716286115373,1.4805995535038945,1.717451028124686,1.617914441454841,1.6249841886798977,0.06947966573948831,0.006238027233745001,0.007500100197734749,0.006897653809360709,0.006997647412670452,0.000351197947264985,0.09279254486216724,0.11343417511694898,0.10307293759434917,0.1031339611034175,0.0053550649550027675,0.0010404096703832207,0.0011650355900276821,0.001099243657082286,0.001100404779005148,3.785319574873661e-05,0.001,0.001,0.0010000000000000002,0.001,2.168404344971009e-19,112,7168,256,8,2048,1
0.02595335162603195,0.029365749417592603,0.027312484068044835,0.027240456200447245,0.0010108293303948534,0.001,0.001,0.0010000000000000002,0.001,2.168404344971009e-19,0.001,0.001,0.0010000000000000002,0.001,2.168404344971009e-19,0.008534481350374417,0.009571964785732027,0.009071326863758661,0.009081052047416296,0.0003054675064496484,1.6606669479824656,1.8686990197456863,1.777512193241407,1.7843598287620543,0.06312069959809836,0.006966384403026872,0.007964120159066999,0.007419512900844119,0.007367275224210632,0.0003084676695493782,0.10237474445652836,0.11914749321069538,0.1101472784736098,0.1085872594244015,0.005642043635449499,0.001090090476434034,0.0012478161950262537,0.0011596715208104518,0.0011554424915577455,4.5414930671479765e-05,0.001,0.001,0.0010000000000000002,0.001,2.168404344971009e-19,120,7168,256,8,2048,1
0.027153559463940304,0.03115969937006697,0.02883518242896379,0.028719307286377935,0.0014062004376166524,0.001,0.001,0.0010000000000000002,0.001,2.168404344971009e-19,0.001,0.001,0.0010000000000000002,0.001,2.168404344971009e-19,0.009296592495251232,0.010834534762913167,0.010055041714037621,0.00988697788798858,0.0005294439109471591,1.7409976266887772,1.977053785017842,1.870089590389633,1.875149952288584,0.07924198529658207,0.007355373056358869,0.008742201325917706,0.00799753485654477,0.007981918973218973,0.0003783915505238135,0.10979007311988996,0.12661573643822935,0.11944668777012538,0.1207454178025966,0.005062089663318433,0.00110060597703316,0.001326888885978174,0.0012408133858740347,0.001253098744276614,6.465700995481883e-05,0.001,0.001,0.0010000000000000002,0.001,2.168404344971009e-19,128,7168,256,8,2048,1
0.03328589586519353,0.040462946664559456,0.037394762421465,0.03737857041489579,0.002127771986112758,0.001,0.001,0.0010000000000000002,0.001,2.168404344971009e-19,0.001,0.001,0.0010000000000000002,0.001,2.168404344971009e-19,0.011201367612589878,0.013527111347377836,0.012136528491399668,0.012252637017112763,0.000782526580543034,2.034460238517683,2.4270717815676495,2.301199261636218,2.3220216327269085,0.1154451281797748,0.009297218473071857,0.010348083998579645,0.009839105681089984,0.009857768741614738,0.000286512593233404,0.13342152953853625,0.16298882611626805,0.14706591506961306,0.14491109025236892,0.009068948307807802,0.001340696979727701,0.0016372424364363798,0.0015249010457176696,0.0015269375466590808,8.622188808241791e-05,0.001,0.001,0.0010000000000000002,0.001,2.168404344971009e-19,160,7168,256,8,2048,1
0.04186179198410058,0.047335698611916305,0.04453440496015225,0.04455320478029494,0.0015378317408890469,0.001,0.001,0.0010000000000000002,0.001,2.168404344971009e-19,0.001,0.001,0.0010000000000000002,0.001,2.168404344971009e-19,0.013566269587011182,0.016259006005029424,0.015186069294576244,0.015267548440812295,0.0007761394388382203,2.668014056218101,3.023599748552054,2.8312545098040074,2.820181330256654,0.11439718179567702,0.011099866883131838,0.012813950031496789,0.012073951167146907,0.012050760754442284,0.0005161359209858083,0.15976911642210542,0.19082003051792806,0.17470215085406793,0.1727930417723501,0.010443772537582599,0.0017722950572957284,0.0020436304704704355,0.0018887959974872755,0.0018782949555755505,9.243537505511338e-05,0.001,0.001,0.0010000000000000002,0.001,2.168404344971009e-19,192,7168,256,8,2048,1
0.04469335818740845,0.05567827373981676,0.051159672577992366,0.052176842698157685,0.0029206047651206654,0.0010529026328477253,0.0011554254824565416,0.0010973761454184743,0.0010943998105739123,3.3529177266716e-05,0.001,0.001,0.0010000000000000002,0.001,2.168404344971009e-19,0.016150047184037467,0.019086731736200995,0.017406418218932223,0.01735299581075192,0.000744130199657128,3.1542254102808656,3.6804503849796832,3.2832600309480235,3.219878102286386,0.14658048191625245,0.011894657362214369,0.014898867055763682,0.013561061119503465,0.013918685423980622,0.0010570036792112562,0.17646897488453525,0.21093541563046478,0.19796507687753623,0.19645012717322646,0.009257581269232753,0.0019841350405996813,0.002390570813373964,0.002172662447245655,0.0021759691842633423,0.00011788730316262665,0.001,0.0011959509756547422,0.0011048165698473854,0.0011127891007720243,5.612755665537744e-05,224,7168,256,8,2048,1
0.0541948396780806,0.0630880322511889,0.058637519797823424,0.058188672785357685,0.003356692784628301,0.001134881389190134,0.0013872639463845498,0.0012527315348447806,0.001255922051028458,6.983236731412481e-05,0.001,0.001,0.0010000000000000002,0.001,2.168404344971009e-19,0.01800446821954826,0.020997632076920243,0.01997158596790486,0.02011553545703005,0.0009036798414457174,3.383604443208278,3.8326204122440846,3.6420403930124565,3.6585195447024184,0.12797154875114,0.01479049326434943,0.017674558345767956,0.01631845863274309,0.01632353687488694,0.000835614103244043,0.21729355619112273,0.24945061292974693,0.22979853954299562,0.22806542336463043,0.009877299165892025,0.002300265983188145,0.0025914944378137308,0.002430940947559878,0.0024315871213969054,9.589649636727454e-05,0.0011408932854462717,0.001320494312078348,0.0012474485128597056,0.0012562141394722144,5.3343418893804044e-05,256,7168,256,8,2048,1
0.06260416800659434,0.07178841098132603,0.06679237947859999,0.06595584737084931,0.0029907594303387732,0.0012611669658412882,0.001459317185020393,0.0013835440444491223,0.0014021041462644456,6.807308099797926e-05,0.001,0.001,0.0010000000000000002,0.001,2.168404344971009e-19,0.020209251934287072,0.02330535683777733,0.02231820243509443,0.02265442197025305,0.0010306407364764805,4.060037298871639,4.678834092787237,4.2666846111396195,4.261701398008592,0.18443474392281134,0.015865506575227,0.019837862687635096,0.017782613847982083,0.017815183447084007,0.001133154472329593,0.24570574559103903,0.27241001789713676,0.2613096432088002,0.26295405143529393,0.007621163783553868,0.0026215990959597276,0.0029643828833164653,0.002823279510999972,0.00287150792386579,0.0001226889097809062,0.0013444254293616571,0.0014816200686477046,0.0014250035086874823,0.0014356371219224756,4.174200056317738e-05,288,7168,256,8,2048,1
0.06433533262903109,0.07575622235570934,0.0706752854699074,0.07164472126373075,0.003882431255950554,0.0014740011756822075,0.0016695078990354832,0.0015591972476986789,0.0015476428535684099,7.279457605466021e-05,0.001,0.001,0.0010000000000000002,0.001,2.168404344971009e-19,0.02257905912187192,0.026870888009307477,0.02482491304772203,0.02520190000572307,0.0012528356513935345,4.3401439244716515,5.003373162082311,4.672927509115502,4.680889267894091,0.22768551482950636,0.018843584183256143,0.02184936214138638,0.02050700466645649,0.02063039304228132,0.0008401068447343512,0.2735677114798294,0.3131127316348061,0.3010719756425381,0.30363489956446466,0.011651357478467704,0.0028758193815369795,0.003262679175127089,0.003092126335176864,0.003122453161156758,0.00012020334843265098,0.0013929939517401796,0.0016935450849848038,0.0015455607055077285,0.0015215636379871701,8.786843771776787e-05,320,7168,256,8,2048,1
0.07446652423805275,0.083661661043862,0.08015314937029848,0.0812661765890266,0.0032061936256210315,0.0016167427556924752,0.0018096559061642871,0.001689810708250716,0.0016755001263184526,5.892371145050519e-05,0.001,0.0011382455410914093,0.001057218036040769,0.0010637410902258773,4.425763507410515e-05,0.02629209852315467,0.028799665860090792,0.027678910299028293,0.02776448019090406,0.0008142352417264705,4.70439714661175,5.679047355787775,5.1617510914009195,5.1552370022303124,0.24854314091271554,0.020893838486741586,0.023532499383728395,0.022135483095770226,0.022154426667747036,0.0008623041785425136,0.30359822188320673,0.35128264907514917,0.3255534282305935,0.3253668914797539,0.016243770985545112,0.0032352096368676616,0.003750405984177499,0.0034248977898485105,0.0033631145312495022,0.00015091778209798043,0.0016259510396437785,0.0018212831437840727,0.0017308565891840286,0.001727494801245256,6.741369121536652e-05,352,7168,256,8,2048,1
0.0786425699511859,0.09400089575207621,0.08859760316288301,0.08900302727071249,0.004189338996731791,0.0017726117256160563,0.002028287474486955,0.0018966938423962605,0.0018878106569402858,8.159200038112573e-05,0.001,0.0012061094065763565,0.001111078532394619,0.0011215566815674612,6.20691227142018e-05,0.02866900581171634,0.03258933981845345,0.030434409322435758,0.030586180572777143,0.0013258632607075094,4.823457991482768,5.882686776715657,5.363859816982446,5.378048314533307,0.3608372595215934,0.02205994395006238,0.0259395600512663,0.02413034510588085,0.0240564400958706,0.0012099978237468123,0.3362824597701499,0.3909083784848797,0.35657879310516283,0.35545911292875465,0.015007900470492053,0.0035894681548759213,0.004062253484554412,0.0037673550452169517,0.0037086595291709323,0.0001590238126579135,0.0017220623333983993,0.001978671849965129,0.0018864151022629512,0.0019280890618601325,8.589311048897166e-05,384,7168,256,8,2048,1
0.08867482976584473,0.10260291777585132,0.09362335415459525,0.09252474757955671,0.003924837420361237,0.0019836038976192554,0.002160495407172433,0.002058564462021774,0.002050008894737776,5.2936265760609635e-05,0.00113068280419988,0.0013044850860777786,0.001225417925077518,0.001235161097323881,5.174459072522969e-05,0.03151143000739608,0.036381104488414466,0.03334523212347994,0.033122869713335126,0.0012545939540752327,5.147067235209647,6.60378703136818,6.0962203986151,6.123658537972544,0.3645568656299023,0.024225471665945377,0.027245191520440748,0.02574218777565062,0.025989683162365024,0.0010339247725098192,0.3615323911665805,0.4129597406089494,0.38426670130143936,0.38455324581563566,0.01378116756660957,0.003758369540823088,0.00432269085151043,0.004058543711062244,0.004012511206278687,0.00016652854439778387,0.0019022657674521847,0.0021357997680657753,0.002032269722731691,0.002063432630472077,8.416495549894998e-05,416,7168,256,8,2048,1
0.0865769958429823,0.10911325064808192,0.10039003270123911,0.10290184167449554,0.006841794464387716,0.0019588731204379364,0.002488851940719364,0.002167493360095864,0.002161475921666813,0.00014127920810671617,0.0011779452918657244,0.0013610087199647904,0.0012816277529451407,0.0012988591379025968,6.052948820893856e-05,0.032207185554995306,0.03749778438750613,0.03454653948150225,0.03440309118719808,0.0015493265709354872,5.956792595024104,7.022100305098921,6.572439733877739,6.597022025276205,0.30245600617890356,0.02652912734944108,0.029292912062466318,0.027962486380393586,0.027946276968380056,0.0008199005673428367,0.37235600559751475,0.4395078426851911,0.40869840280876424,0.40783550065433694,0.01994540064281401,0.00389851627380875,0.004630143556865149,0.004347009755148549,0.0043677863199682,0.00019802728333846332,0.0019004106344590818,0.0024662979368910015,0.002252447327074708,0.0022641594466904554,0.00014976631574156887,448,7168,256,8,2048,1
0.10098792523572403,0.11132960741927853,0.10734321126932186,0.1075257150628729,0.0032851450887681514,0.0021867103041651637,0.002704319574630528,0.002357594606210733,0.002321769254559936,0.0001553030089158947,0.0013463165555104145,0.001519419421812373,0.0014333214643644726,0.0014451967908047218,5.7176837991225594e-05,0.03433405277237156,0.038757958590519136,0.036498234881684334,0.03619544457532496,0.0014156591591523364,6.6506715712266375,7.385288128765839,6.936215051495647,6.900969547465161,0.24455735467857406,0.028092121498330916,0.032026671134980075,0.030609371064491686,0.03077888399702732,0.0013001769764681525,0.4126438637768908,0.4778019598178597,0.44612067513649095,0.44710453021481056,0.018564677132601518,0.0041739248786331375,0.00504714424260809,0.004745192022996936,0.00486633679343458,0.00027689860946608,0.002187350319502707,0.0025486098127875975,0.002349596980811987,0.0023365549638793863,0.00010285201620011893,480,7168,256,8,2048,1
0.10945764652459292,0.12499893832856514,0.11969095095228655,0.12006935436876744,0.0043289374585689785,0.0023712735189322692,0.002681594443140773,0.002491047821424959,0.002466864562347206,9.714306350098857e-05,0.0013334684243298655,0.0016146560887905681,0.0014637822083059374,0.001459143948852409,9.613345949858462e-05,0.03760406714156548,0.04478421927054798,0.040892471247757654,0.04047937103111389,0.0019123300901091858,6.738015273834046,8.699974384040424,7.607803519743993,7.625692249064233,0.487372424798271,0.029126970923791975,0.03367757224168095,0.03153858949133327,0.03139692010102069,0.0013332797776690107,0.4209990746026867,0.5185586256827502,0.47559341203585986,0.47324308252104014,0.025484113447603936,0.004600151309451422,0.005569271624513325,0.004957364748544195,0.0049217270393331035,0.0002792043846517888,0.002345483025496192,0.0027992952375728063,0.002598789587813562,0.0025904209292472702,0.00013667335635252,512,7168,256,8,2048,1
0.11860622938699851,0.13975523378433707,0.13138045216931982,0.1316957210439299,0.006947740634550088,0.0026414183244184157,0.002915024575078457,0.002798140386065592,0.002804129016392226,9.093177216653467e-05,0.0015743476648151801,0.0018231394196024586,0.001700255699042741,0.0016879571145639394,6.609204156045091e-05,0.0415004090988572,0.04832566177130199,0.045190834267709076,0.04533934068648057,0.001959094389844122,8.016477565366955,9.45368171852916,8.52421056197665,8.505047227849474,0.40347155039013266,0.03272263149995638,0.03906738374050642,0.03535077453595481,0.035053476469071726,0.0018115222272412927,0.5009124911737016,0.556557105712702,0.5306056724949626,0.5330707341996546,0.016267213480744388,0.005179942132305851,0.006339201081407679,0.005662071530152408,0.005600520760158473,0.00034544396799521834,0.0026183533069828614,0.002909413751776078,0.0027818570758455035,0.002789489957427344,7.36378229206792e-05,576,7168,256,8,2048,1
0.13540371727257564,0.15323963241549945,0.14736755759778822,0.15008189268604183,0.005413754098485643,0.003035296769486938,0.0032865439148319076,0.003161823366710013,0.0031600826270274736,8.356185718056554e-05,0.0017690457441108109,0.0021485787707868835,0.0018963145203951038,0.0018658587678413356,0.00012056571877292046,0.04481339990613408,0.05243405562356962,0.04933557369826399,0.049696786503457255,0.0021500149055293316,8.53842468198336,10.257897088101233,9.255678066808557,9.283372805990126,0.48193682456098896,0.036089902459363436,0.04346233926353459,0.03993653098152617,0.04001316949511563,0.0019327114842517185,0.5338410846906172,0.6184165329431182,0.5816286952727929,0.5768872617072132,0.024451443089983076,0.005929416216884539,0.006994285478666421,0.00634307991375153,0.00628309178738788,0.00029832358440991133,0.002937663844063457,0.0032037949770912927,0.003096694774067768,0.003119677764480905,9.196448574743966e-05,640,7168,256,8,2048,1
0.1530595109041322,0.18548007736233238,0.16501636482766632,0.1634753044726659,0.009521275082605921,0.003197252183395824,0.0037929763508838133,0.0035096765787829983,0.0035074522680290667,0.00018389901317738297,0.0019017500911381665,0.0021627433745919087,0.0020677004135116876,0.0020836707811768074,8.167399368990754e-05,0.05052573646761644,0.06056212313406607,0.05330566903639431,0.05285997764446479,0.002645132127631972,9.659929738870897,10.999600125113062,10.427324773806031,10.529858197942396,0.46578700634487696,0.040764922987291244,0.04969339974176751,0.04407067481958811,0.043636079082062004,0.002732571062912168,0.607593898741784,0.699322325256197,0.6603202232799744,0.6673149962832818,0.028717000916110038,0.006360695407974652,0.007415971136940818,0.006963797281870856,0.007001411969598038,0.0003078917125270756,0.003269278918759259,0.0036234880537956964,0.003420252962965857,0.00339745584304515,0.00011652261066097065,704,7168,256,8,2048,1
0.16312126103691038,0.18732718231029394,0.17471719859377968,0.17432202262496754,0.006272153781762125,0.003422457057872708,0.003953287170758164,0.003730075103877577,0.0037883153022562014,0.00014794178034394486,0.0021598281461132395,0.002384247488166802,0.002233075783124045,0.002202460405766432,7.187617404198743e-05,0.05339626957964724,0.0650245790187422,0.05820456118419176,0.05866375905500971,0.0033881158094666137,10.27206910275968,11.948589433692208,11.182568470008052,11.262072178340645,0.5484028356570176,0.044406127995346205,0.0518134567882658,0.0479217935749563,0.04771619752598453,0.002127974131651921,0.6263929509823455,0.7965344612224193,0.698762399360447,0.694744580902844,0.045618387961443685,0.006683262100426992,0.008131696812976295,0.007378682816845748,0.007273839885535753,0.00045438787312880314,0.003395107091701865,0.0039005915142401293,0.003721837366275644,0.0037791600410404342,0.00015946444028198394,768,7168,256,8,2048,1
0.17650927314711137,0.20214015559173196,0.18993011484804373,0.19019566008785382,0.00821465975849234,0.0036611324547095145,0.004240472829875156,0.003958686992100122,0.0039511016030197455,0.00015702572600320496,0.0022212974530363343,0.002554976157590496,0.00241989306777615,0.0024307252970737743,0.00010347331487323637,0.06277033828963566,0.0688479591903899,0.06498125797070772,0.06480974709862006,0.0018828693581955254,11.372802534837044,13.314921599373019,12.064468040597664,11.883832534454479,0.5694555915729255,0.04911890760852694,0.05643193944257319,0.05212872754038703,0.0513747328120773,0.0024411399560544315,0.6893771410113497,0.8062636539747978,0.7619779415218106,0.7665651745934373,0.030294257422016555,0.007921794636804752,0.008789925609493699,0.008242978049792987,0.008086478013615943,0.0003191243050634573,0.0035781876835278953,0.004460591942370013,0.004069760490051559,0.004084532899665285,0.00021434330929257642,832,7168,256,8,2048,1
0.1832645467065252,0.22728606447634483,0.20594756732984884,0.20323952898752748,0.012739673554503186,0.0038211754620701348,0.004559139544484003,0.004296819771105605,0.0043346555479272,0.0002183976200143681,0.0024256352162682526,0.002781913494686381,0.0026227123987014496,0.002675094950044211,0.00012587986516844762,0.06700278018601578,0.07391521316953975,0.06933704191411126,0.06861595166640994,0.0022090929384584184,12.362588293168669,14.821811638276603,13.353593729734943,13.190909764166173,0.7571405459016188,0.05132072463701662,0.061700445898509024,0.05759319463740366,0.05837009756381226,0.003221607177511355,0.763666249957418,0.8665828161499392,0.824453922213466,0.8243553467466513,0.030140018664785922,0.008292580850017602,0.009225873311444066,0.008786158522825792,0.008816633436746546,0.00031497488004163883,0.00394683218362694,0.004417301755108411,0.004243771936481592,0.00427572856454121,0.00013899008614906222,896,7168,256,8,2048,1
0.1903474507729332,0.24150942163917075,0.2257859661307061,0.23263229215324221,0.015138746800435992,0.004279037818621631,0.004951156065305447,0.004661929176797539,0.00467102843971517,0.00017751711423770006,0.0026337724142213976,0.002948950715876477,0.002817996039971403,0.0028078670896676816,8.679897354671592e-05,0.06542418901479038,0.08162441925122862,0.07508824967238927,0.07488609958260947,0.00406141175093971,12.859595664356847,15.326486242457518,14.107787875470436,14.196710785215542,0.6747084300178197,0.05697626491371538,0.06625413876369304,0.060440181794582284,0.06057451578317973,0.002655686665434822,0.757248239263119,0.9513891178760114,0.8871453268068621,0.916333131054662,0.0625406174086485,0.008964448871955416,0.010021156572868973,0.00941697258662877,0.00933391704828804,0.0003642380189132033,0.004281969672542732,0.005000129471601697,0.004608793891437328,0.004623936119379634,0.00023415225306233197,960,7168,256,8,2048,1
0.2197425785504289,0.26847967454573923,0.24091967160227026,0.23658445639413472,0.015003893476511468,0.004626490551677563,0.005313786447093726,0.004875268378013455,0.0048672664120888096,0.0001863887850573759,0.002738029991163145,0.0032566543213786185,0.0029880620930052694,0.0029972552893803026,0.00013830854404100503,0.07165683024437998,0.08759493992542096,0.07967226528264273,0.07951469412855589,0.0040115635025508205,13.62238838454763,15.701448214275967,14.989792072469445,15.237754536954935,0.6042064042583667,0.056933501516069594,0.06951089631298622,0.06268771058828418,0.06258906431771333,0.0030446529077384626,0.91147464649935,1.0074677081626127,0.9473229421959891,0.9386339361812124,0.03001294817408209,0.0091154748481303,0.01018337320394613,0.009766116474492454,0.009899557570415217,0.00036967045476508714,0.004661007413785009,0.00534774308950035,0.004952302854366401,0.00493409791971874,0.0002163460866278845,1024,7168,256,8,2048,1
0.2296719075314338,0.25779023830221,0.2463072363372234,0.24964558819342625,0.009301615514869252,0.00496643185968874,0.005814116062085037,0.005350062394660432,0.005357284428942184,0.00022523765664249633,0.0029090365468274126,0.003521904047505888,0.003207808215932158,0.003186515825492742,0.00018620975993673692,0.07434707082521895,0.09816777259480286,0.08441124624840073,0.08422571539034873,0.005901497404307783,14.154423468856528,18.159590576496548,16.204389807174348,15.959945489773727,1.0476719591762356,0.059719938071938185,0.07290260416663885,0.0673259464993004,0.06784855194940974,0.0037839334067867724,0.9161336818162089,1.067940105100902,0.9976499990629909,1.0015461962688719,0.0441061431542918,0.009613141569096473,0.011392343978623017,0.01045746295602083,0.010450623412679527,0.0004968624892431081,0.0047483264233451365,0.006090056118313228,0.0052106649786997205,0.005115028532084817,0.00036007181560948956,1088,7168,256,8,2048,1
0.2352395452878021,0.27276774887994454,0.2548095745581257,0.25705877598960303,0.011001166353894634,0.00512045968691476,0.005974707880458889,0.005534474822617158,0.0054609572106601705,0.00024396525719978153,0.003101996146418662,0.003589492273763687,0.0033341687244549827,0.0033389534314527216,0.00014048651417252592,0.0791834912950476,0.09752519656843887,0.08737456406738839,0.08646397930748118,0.0061201559245964736,15.607884399913784,17.863214553066776,16.910231929027056,17.145399143533602,0.8829927110826332,0.06156175003247347,0.07801685127157493,0.07010218500533257,0.07098462274957483,0.004793289928066921,0.9594917371071011,1.1252279143088038,1.055617598378079,1.0671106579999536,0.04909297058729795,0.01026428788398319,0.01195440955985061,0.011359681827247793,0.01141029291948666,0.0004866378667292,0.00497417510643747,0.006252609068726554,0.005660544111910961,0.005701593392845424,0.0004007383830156871,1152,7168,256,8,2048,1
0.25608617006180157,0.2956542054078563,0.27467056887221214,0.2751775660577321,0.014825604587457221,0.0057247672456240935,0.006547227423619459,0.006048283336395137,0.006036580800674135,0.00022233927428017399,0.0033174871227955676,0.003937506104622262,0.0036206899494917967,0.0036038122589449675,0.0001824650918442857,0.08476977977449056,0.10285322077659802,0.09610178945438458,0.09721656781210518,0.004640976897368471,16.986980715421634,19.65980698272844,18.175929708390214,18.073486113501453,0.9155122313843189,0.07137386558471158,0.08038006279239443,0.07624037109008143,0.07747124581799,0.0031296653360949954,1.0288781389717483,1.1811725621127669,1.0939172139399647,1.0845373582247366,0.04474842265900403,0.011363597437054843,0.013168521290807549,0.012141521338816186,0.012066824868461352,0.00046491267137207235,0.0053539755947179125,0.006677367124584579,0.0059279070802180905,0.005913966285870242,0.00035424426398721537,1216,7168,256,8,2048,1
0.269149600805565,0.3067542804055826,0.2896616233355911,0.2914582745396018,0.014699783498947627,0.005829682973771667,0.006938129351456129,0.006345012699506082,0.006267429441380261,0.000335582431856935,0.0036819128162217975,0.004245377233217366,0.0039200668316708015,0.003925728610127138,0.00014923321239155007,0.09582155497489982,0.11193983852762367,0.1016664819719036,0.10057349800872706,0.004543643839183746,17.400998835836752,20.427243004707517,18.676470668937224,18.544944568068278,1.0364516377250343,0.07380879377476388,0.08619455718009615,0.08046467529527619,0.08018724894073238,0.0032394632813652962,1.109042429636192,1.220125092678484,1.1708438569670818,1.1809813590478848,0.03577104778877803,0.011791611863567112,0.01396114234086769,0.012519455841335509,0.012388360794955693,0.0006479337938371835,0.0058546067471608705,0.006575298179311809,0.006198078751235342,0.006163893341037391,0.00024818100717751427,1280,7168,256,8,2048,1
0.2863111323492235,0.3324018668003221,0.30975229425801853,0.30903231302805056,0.015413747133338294,0.0061860882854492824,0.007175635431287859,0.006602759551093136,0.006575401274524729,0.00029571882280770195,0.0036465950573877346,0.004072029513204731,0.003917400204881556,0.003931347928078987,0.00011461078835802832,0.09678573383148703,0.1149340067443736,0.10394421989808349,0.10255463556969971,0.005080122147274621,18.24737207023842,21.322237551334034,19.806811531900372,19.756402063455262,0.9412595347128767,0.07845392753769888,0.09068388154460379,0.08346307976103662,0.0831173014658225,0.0036369126331873896,1.1283157161061863,1.3557041016415923,1.25308458811474,1.2472596006763816,0.06392320313578194,0.0113448480049994,0.013835718709651695,0.01278794003036581,0.012851081847403722,0.0006863059882944656,0.0061811971527284066,0.0073145333844248815,0.0066260485817529234,0.006486581808923709,0.0003929688985428043,1344,7168,256,8,2048,1
0.2969313765425653,0.34563893147763497,0.3181637654576305,0.31747753416317404,0.015090741138124872,0.006384806272239845,0.007521206876363472,0.00695469120196443,0.006937149368198178,0.0003093271782183098,0.0036118867006277693,0.004324932418621662,0.004063722664740816,0.004083150451574377,0.00018038429094949544,0.10068159257202706,0.11732903307215821,0.11081986529423582,0.11284680085865494,0.005083941533966064,18.419882001026526,23.433212066818786,20.50912332185773,20.31750714131669,1.3505559180294107,0.08535830295136713,0.09423221188348128,0.08992836004854368,0.08976499278085782,0.002530147517044709,1.2156858256543013,1.352803031064942,1.2839596136317506,1.2850041604342872,0.04153199051159365,0.013034863386218112,0.01474606382448218,0.01387513113485997,0.013852882198704761,0.00053703986431741,0.0064656224510715316,0.007379206503934024,0.0068289112473599745,0.006773902756931113,0.0002869338527093142,1408,7168,256,8,2048,1
0.30525470054802545,0.35725075623170827,0.33727253609792607,0.3378471636938304,0.01727213778872794,0.006742023057998818,0.008022938672334978,0.0073621533917218275,0.007425438669088551,0.00034815727482086965,0.004007881008237068,0.004612658355810967,0.004352282381142604,0.0043236521659229445,0.00019134951878308827,0.10719049420150384,0.12257963313659566,0.11473419385323742,0.11454091333633486,0.0038817581292963184,20.3780906374372,23.020995885301748,21.39576707779443,21.47662727546873,0.6924424666815829,0.08244524867264018,0.10478783267142835,0.09012782018986283,0.08649898413169232,0.007566710173714493,1.1970667350720225,1.473620135084537,1.3633889018443086,1.3675046789695995,0.07972573777870992,0.014188887739959284,0.0152909954316817,0.014682215283318732,0.01452950013346855,0.00041580391933444783,0.006670570986933205,0.007927025891769508,0.0072534800941663705,0.007262080037766423,0.00038289734396493086,1472,7168,256,8,2048,1
0.31862340216509144,0.3684143084861002,0.3422704549982376,0.33905778036262874,0.016820491408408952,0.007194745999015666,0.008001363402583485,0.007555558686855491,0.0075915826397974,0.0002162323484480047,0.004094156141079189,0.004832072808863393,0.0044776606771845945,0.004526230617998609,0.0002035601235492857,0.11317780270111508,0.12900505818168226,0.12060790685810244,0.1190132636089958,0.005726064736700194,19.628224390974815,23.180768879883015,21.81093666278469,22.045558033789803,1.0767179024401132,0.08518659170528957,0.10032829774627332,0.09323156921983944,0.0930544505930431,0.004903135785612928,1.3052182345883139,1.4818376795566408,1.3812591356712092,1.365055929969696,0.05877175741313181,0.01404790105049039,0.015606834593048534,0.014768735231643404,0.014676094751274509,0.0005294476395705951,0.006607222835428688,0.007888943027118395,0.007366319389703083,0.007461289970093387,0.00038044663791425527,1536,7168,256,8,2048,1
0.3303220751709316,0.4135096146341427,0.36894389285641654,0.3691911699071882,0.02332703884936792,0.007411687170236084,0.008274175797874568,0.007888003011635598,0.007908093698928486,0.00029075961024702763,0.004366400009211462,0.005021397124705603,0.004730962505468524,0.004796483443040219,0.0002488613365160011,0.10810407470557902,0.13557716607789502,0.12517520472971608,0.12590548027853687,0.007571294235482916,22.5818554214152,24.84281796868441,23.555692475762562,23.45736380403453,0.6445461397126704,0.09488373388312209,0.10770220619888338,0.1010872483725632,0.10259742743107927,0.004435207640511342,1.273730285388627,1.5131303767370679,1.4259967495550823,1.4502587755518568,0.07528419754696275,0.014529010814681364,0.016720319785874314,0.015796753504826767,0.01577389605697785,0.0006676033946925857,0.007694185451641018,0.008388715767308538,0.008038898718034315,0.00799328522682587,0.0002808809037853118,1600,7168,256,8,2048,1
0.3480192756793706,0.42325619884603893,0.37919371608685637,0.3765324821874409,0.021233436458546275,0.0074979730543307905,0.008772634794707879,0.008141320308214255,0.008093211324203025,0.0003655511484972464,0.00442643506870608,0.005299354487358016,0.004821504117101939,0.0047394601424103075,0.00030269532611491726,0.1189391719211318,0.1359320320965129,0.1281385604661805,0.12999608429831874,0.005079963562380336,22.706731403199893,27.360468123254755,25.099415559591076,25.353218448738218,1.4749988045270874,0.09163215536865871,0.11156825931635969,0.10249949504739737,0.10439907248473371,0.0057965736571511375,1.409275109988321,1.5641312345658447,1.4925570965342787,1.4989443705776484,0.047571838133439605,0.015357030630067865,0.01771126507079972,0.016324596372196826,0.016059575098391253,0.0008962119926862695,0.007609350488494989,0.008863056974514887,0.008174864233122898,0.008154642960001221,0.0003718982817128409,1664,7168,256,8,2048,1
0.34325259409281517,0.41415212055190104,0.38972296636026604,0.38860833707177295,0.02124817340045756,0.00805897138802572,0.008832398695848008,0.008425348404812143,0.008470145132318984,0.00025518830255618133,0.004618154782243227,0.005243528517501164,0.004983636022081071,0.0050161293950289655,0.00016833720429289983,0.12737351346377473,0.14260961310314954,0.13473724789918395,0.13577160684370404,0.005497721113466909,22.58781902875542,27.265436928305004,25.00167694791276,25.064909821018446,1.3392929521677126,0.09739823860166955,0.11742075289840634,0.11139641216414975,0.11315223031305868,0.005488250134765853,1.3900600726929315,1.7296300485681928,1.5872037421022982,1.5923505831302747,0.09556328624631209,0.01600768932327219,0.01935174898664027,0.017249638642751947,0.017230050643338372,0.0009694725235711905,0.007715839209847096,0.008656123619719158,0.00809115115340547,0.008041611021880425,0.00027818417054575596,1728,7168,256,8,2048,1
0.36260717176734175,0.4541925372251711,0.4095660466694161,0.41689012340128156,0.02570119759834078,0.007820753142070036,0.009684319194408849,0.008938884339850626,0.008905497011065543,0.0005205572106310472,0.004667882341668323,0.005478940190242065,0.00520267236121996,0.005250193883579515,0.00025463993488888736,0.13207495601498795,0.14841352168677682,0.1404893251469679,0.1402332837152059,0.005436153686176412,25.5488013466077,28.42037569899714,27.007488436564465,26.876806462671052,1.1263055755727576,0.09883744722530358,0.12136806193063178,0.10896504336099863,0.10704152837336521,0.005880536150491808,1.4733205854925486,1.6831685921158561,1.5712677796280397,1.553701586124261,0.07075453590582796,0.016191401155564073,0.019243032056464396,0.017635668914403758,0.017418999445696554,0.0009395414115274017,0.007975414502222966,0.009156039642308598,0.008582852482351883,0.008567098313612726,0.00035458582318536144,1792,7168,256,8,2048,1
0.4052204959063345,0.48034268113769235,0.4366418197676631,0.4320452360748498,0.02731722475306285,0.008280509959069302,0.009829888544828068,0.008984836525843608,0.009001249684609035,0.00042209635098744175,0.005077986791195479,0.0059631321814098415,0.005510083083656489,0.005470836729407668,0.0002992934845429513,0.13320198997238195,0.14983305215506246,0.14131258609912112,0.14069103147833265,0.0057351086160559745,25.275512467385518,29.7535564699666,27.04281414541382,27.094893961000974,1.1270570621167981,0.10744788441512024,0.13646852008790883,0.11549959459417207,0.11238560648937464,0.008182991109145337,1.606345217206374,1.7863609363962896,1.6852018315248452,1.6746938248625984,0.053631893616104424,0.016212959094433013,0.02044545580691609,0.01836793095350841,0.018595014694279988,0.001311875780896196,0.008141589700552294,0.009258409823622029,0.008778656834765728,0.008757087337449843,0.00033780499859634855,1856,7168,256,8,2048,1
0.41241122701079025,0.47301220206673783,0.44314596242501725,0.443730255374631,0.01778292070507344,0.008513194395341216,0.009984369080747875,0.009444346057106399,0.009750152493294424,0.0005285873522324298,0.005131607385143672,0.006375067093777502,0.005614244658058884,0.005544291467353401,0.0003996505655591394,0.1456615520334275,0.1583751095630064,0.15176256394217233,0.1516018933625668,0.0037262404604348006,25.47611772464354,30.92977333211958,28.832773305241023,29.16479403120522,1.6402653400426244,0.11158578429945705,0.13254656563639486,0.11870673201381095,0.11750428182806126,0.006498986358448024,1.7087766042083832,1.8591473488483625,1.793336726710674,1.807961060129231,0.05410384113194573,0.017083424097777935,0.020257420369799207,0.019380424294285638,0.019482242238124316,0.0009011230730026672,0.008974718949159348,0.009979903472520164,0.00949128983846231,0.009456229272034225,0.000274385011417217,1920,7168,256,8,2048,1
0.4187653962690703,0.5025024989258201,0.4553205983488203,0.45972113540432824,0.024342962290183737,0.008580326647197758,0.010465094294269001,0.009439487492020107,0.009272157493924738,0.0005728939155331162,0.005370071588749368,0.006044411558362866,0.005726140339922659,0.005738860065217007,0.0002307794841889803,0.14162341770533254,0.17013658078661245,0.15771310971800512,0.15780414527289133,0.007119133393095785,26.13696203049959,31.51387288126116,29.138551252615258,29.10727504637115,1.5482003758644227,0.11549310903892838,0.1367710390107719,0.12730217971235214,0.12875106005201786,0.006230908203951541,1.631386611467468,1.936602579721641,1.7950931983794258,1.8115808855147404,0.09383678089802508,0.01771259279069902,0.022001081977195514,0.019399468764656043,0.019113136341709656,0.001373058690410628,0.008540753011647318,0.009994218509586998,0.00947461657303863,0.009598040896698525,0.00044075398891915105,1984,7168,256,8,2048,1
0.4474761056798656,0.511760083171138,0.47383680267237394,0.4681412153314981,0.022458266459550194,0.009032956127270212,0.010671090065622427,0.009987985237858783,0.009994618531691854,0.00046927725555025016,0.005804241512035006,0.006405920748049922,0.006003595547534729,0.00596116548420833,0.00018313754810455598,0.1342318691521143,0.1709311152948355,0.15590394118415113,0.1613759943733449,0.011551579544031316,26.994187737351425,31.87115961048524,29.795210708820342,29.519305733992027,1.4344142424622406,0.11942726805421658,0.14014647867301572,0.12894272807463836,0.1279401112254791,0.005473306570791284,1.7912699032375194,2.011414496045801,1.8869762732866415,1.8625263381801007,0.07114386595690213,0.01793469722495939,0.022121631307330202,0.019823228304916427,0.019879939544220702,0.001213917582918864,0.009260401990821118,0.010887745424620024,0.010139412363887294,0.010113992522400158,0.0004012221945997018,2048,7168,256,8,2048,1
0.4563370320743318,0.5371562309000312,0.5005279939769194,0.503627407165427,0.0246201975757166,0.009701047262908201,0.011882688880889409,0.010570790828726442,0.010416553635683915,0.0006469232118588641,0.005649964546303024,0.007368760859935066,0.00641731547200825,0.006364984183060774,0.00042419645972314893,0.16116755506887423,0.18434415846951277,0.17031368430257843,0.1699492629711281,0.007863893696018968,28.92773132007488,33.113161852812446,31.2473526238176,31.137029306968095,1.2765563659326324,0.13098820034416167,0.15267611540750733,0.1404849281215745,0.14065137201368155,0.006440288163449033,1.916274076897731,2.1980206460317895,2.032071020385963,2.0127578520725105,0.08266371204721615,0.019424973342363892,0.022776206364531298,0.021196405390076774,0.021170406593646683,0.000957788480271026,0.010063735931230331,0.011669924636332511,0.01092698852269214,0.011132533323574044,0.0004980116389452351,2176,7168,256,8,2048,1
0.4511407147908077,0.5590113465250717,0.5108707439312274,0.5113685589310955,0.025640132342926496,0.00953738069667572,0.01205795701926211,0.011056131199855443,0.010976727284590353,0.0006766614199679931,0.006093047715853883,0.007269479055059031,0.0066269371240433635,0.006546444062529114,0.00038049483536098415,0.16761929320092273,0.190604275627932,0.18110383780623823,0.18293891852677663,0.006320565562155329,30.933484271524378,38.86216360578886,35.135571268670255,34.74593135816947,2.133425315795923,0.13472924195769798,0.15422008090174447,0.14161985682125605,0.13888149983456183,0.006188885456658337,1.991138099008351,2.3230702526013616,2.1479009397842326,2.1402153759424065,0.10303762577737463,0.02105340298056032,0.024443959314804486,0.02268874661983695,0.022609293682840946,0.0010639231865737719,0.0101760764293253,0.012359443769483738,0.011387820213157101,0.01149224003662652,0.0005164574572783229,2304,7168,256,8,2048,1
0.5364990109473,0.5847641951507075,0.5630781125897697,0.5675151116219121,0.014678355373717611,0.010785012301019853,0.012699519558810848,0.011945901900186563,0.011940426895137456,0.0006132943066801977,0.006457028618213123,0.007718371144875826,0.007131138340172503,0.0070726399798852575,0.0003504744089873044,0.17324925136041688,0.21174351127836274,0.1913783249208612,0.19036819964148846,0.009949935239567243,32.55127968062806,37.59926012005272,34.92769801637879,35.084307095011255,1.5810780158794664,0.1404948881905391,0.15679465458733077,0.1491752669800261,0.15006595953654905,0.005528501453026156,2.0359655617274943,2.546967392934067,2.3068394103749643,2.3223561890702924,0.1380553354862584,0.02214925500606399,0.02496317940772494,0.023245855722878843,0.022843661317230222,0.0009667312268787034,0.011173797587824271,0.013128582198371628,0.011743785140819824,0.011640886213080863,0.0005506703018322944,2432,7168,256,8,2048,1
0.5221072422000119,0.6445643905691267,0.5935259584741359,0.5896148622532533,0.03684761948520857,0.012107862040983517,0.013268035343875351,0.012561440531886917,0.01250785462774021,0.0003643399659976306,0.006459819397524781,0.008296708586185881,0.007329604923247206,0.007309429189039105,0.00042503200690841063,0.17758084065491087,0.2172569379281477,0.1979220591500322,0.19800419529560329,0.010071498444802457,33.163777675127704,42.16723705511424,38.20958530672785,38.28649910142895,2.6032903339627342,0.14360420411464256,0.16812749778850844,0.1569930263031954,0.15809405180808953,0.008212967589425078,2.103191217920305,2.5008864715381347,2.3093097321010614,2.3013041012746522,0.10237905116418004,0.02377401498948305,0.02709968422777691,0.025711682231047094,0.025843640061606086,0.0009062566920389147,0.011546517682461822,0.013698286967766328,0.01255724148026557,0.012577755802945786,0.0006463535347247353,2560,7168,256,8,2048,1
0.564408131882023,0.6538792200258798,0.6077789274253765,0.6030055078219778,0.03205413299276109,0.01171215050528413,0.014098706941071182,0.012697063575814377,0.012673839493097735,0.0006236127295668217,0.007465807060428636,0.008412203458642279,0.00800797473829631,0.00808347152612986,0.0002955012393734465,0.19348361280073495,0.22519291353706328,0.20822924603471646,0.20599519032537994,0.009708356645601381,37.749328450340975,40.48239926041162,38.853984418222176,38.64929014527818,0.8988900667649291,0.1370177315520011,0.18064252112431,0.16506988093894953,0.16703915189112428,0.012120668303636757,2.2718140538711222,2.8063868650667225,2.483874747253879,2.4634300411887233,0.14754277515415434,0.02385021728139492,0.02868080255881794,0.026443118109247467,0.026474902190941008,0.0015213098446143927,0.011767628436748384,0.014466691021912463,0.01286867602819559,0.012798463571613232,0.0007753627617066031,2688,7168,256,8,2048,1
0.5778693142674699,0.696125200312751,0.650817587951048,0.6537413072099829,0.03377234605933702,0.013042083835252271,0.014693436530167992,0.013851769811927438,0.013797427751837506,0.0004901262262522727,0.006764552394410449,0.008559270008618319,0.007911975859609788,0.007952221128109263,0.00048158124339681726,0.21113920649238427,0.2369650429042743,0.2228206322229911,0.22185179499255125,0.007886969562400278,38.4884721976729,44.496221440765055,42.26195882752234,42.5059202685792,1.7975463673899452,0.16620300545979125,0.1898677071236173,0.1751009214449826,0.17179038230780078,0.007774680316697074,2.415333654691428,2.755930855467557,2.5875898317333954,2.5933557395838593,0.1136056054744142,0.025278211102420605,0.02975116601146642,0.027402023313843605,0.027622211316146363,0.0014573810642217245,0.012600664124586885,0.015613353005480238,0.014017105455215922,0.013905884913648529,0.0007512503973330987,2816,7168,256,8,2048,1
0.6489760571699945,0.7243544383656312,0.6897132470516383,0.693023350765448,0.024144967582913363,0.013363507837489836,0.01604080144185935,0.014321797271280471,0.014402291111441394,0.0007605663919276977,0.00788149834406316,0.009745742375657165,0.008874327933166098,0.008928403717566374,0.0005109666401621615,0.21828299549373256,0.241960665744124,0.23127916893086686,0.23137878930553926,0.008194834353402647,41.90691521851522,48.92957182783702,44.18241572577974,43.51913617681746,1.937235938226962,0.16712990693780921,0.19498099612638162,0.1801939266302544,0.18045787042004885,0.00753172121135843,2.4453613575964837,2.938546043282077,2.6923946093028617,2.65704320513636,0.145723045738999,0.027461471650001304,0.029579541264263015,0.028568179466446752,0.028706562587998044,0.0006130970248804266,0.013548647753854991,0.015212771330884842,0.014528219497628711,0.014545691912909374,0.000490280632608785,2944,7168,256,8,2048,1
0.6766715390069974,0.7320477307286418,0.7068440924516871,0.7009830965431907,0.01765563096943696,0.01433134238260912,0.016194723072020537,0.015075833937803498,0.014853921963716824,0.0006141695343085391,0.007717486450807268,0.00990109236044016,0.008835445697440176,0.008738399949406875,0.0005617081549589478,0.2230047736879127,0.26465032609507283,0.23988789557905682,0.2381336633640692,0.012678590984793953,43.132303104406816,51.64042705730329,46.843902192648855,45.9893843784119,3.074723992539423,0.17610984276298144,0.2043415894498721,0.19211363267933845,0.1924057655774819,0.008705822733967389,2.549894656960422,3.010885691953376,2.7654870534211713,2.750053252571799,0.13974564572532477,0.027768207444764065,0.031668951457804954,0.029850996188364936,0.030010855809835642,0.0012945897822844404,0.014483166151708656,0.015423591829430736,0.014995576999421148,0.01492130323209074,0.0003236421593579411,3072,7168,256,8,2048,1
0.680606937700102,0.7833560163233173,0.738347386934578,0.7435550764042406,0.0365041996284358,0.013891742214100703,0.017514670140088645,0.016032082339943337,0.016194473319293284,0.000963022412930586,0.008450583268760711,0.009900453292319238,0.009360855592954017,0.009538967364250727,0.0004724679016517057,0.23230594916357866,0.27698901443254115,0.25397796924939364,0.2503129162477009,0.015311297816927593,45.216140687823575,50.90284527605891,47.36214484713033,46.12829909433654,2.000364049001834,0.18284291681361872,0.21597397293221623,0.1995825311876916,0.2008271429668982,0.009054464406719767,2.804132409717364,3.2185097519214905,2.948873064661198,2.951581925042678,0.11427030061830658,0.029945117962543382,0.034702899477731974,0.03257139126693015,0.0329041041482501,0.0016431658167082286,0.015231523234081565,0.016795321695550335,0.015950925240308948,0.01588758224192787,0.000519886685143584,3200,7168,256,8,2048,1
0.7362880811398977,0.8456708366932145,0.7743989734661809,0.761348360240871,0.03444240392601488,0.013699956833684843,0.016317365880702282,0.01530645978217817,0.01539986804176577,0.0008339210441152192,0.008992895302053088,0.010848843578099045,0.009952613134817526,0.009921005860135796,0.0006323864677610938,0.2412551653705465,0.2723912913062816,0.2578101621484273,0.25749370302448416,0.01077541976392062,46.05278839138069,50.074786089011546,47.89130445024366,47.8168257668205,1.287858559636384,0.19236831266268223,0.22010988210156684,0.20874810006926986,0.2090170598002038,0.008295898964808425,2.741447638562199,3.262373437095037,3.074210353591577,3.097576609613389,0.15126332295485204,0.029274882095150397,0.034349494287822385,0.03203417794002298,0.03185966384479706,0.0014984673323503595,0.015396519426635778,0.018392293677830792,0.016639944796824464,0.016494575334075112,0.0007969012085010696,3328,7168,256,8,2048,1
0.6988701165632173,0.8379324539972262,0.7691149213562674,0.7709768625675237,0.04587558411887154,0.015244820022498785,0.017161010910282597,0.016211235620706844,0.016093579483448056,0.0006073996308035927,0.009527507684561063,0.010702251842289798,0.01017299729243983,0.010192644733696085,0.0003738855470543554,0.24816817948438516,0.2947395767448062,0.2689170279492967,0.2710716031900995,0.013548529256896041,47.140372003177674,55.04509531445911,50.759913685589034,50.192778795457514,2.267341109955482,0.19958515776411495,0.22600358090371145,0.21303976126699106,0.21119170360168832,0.007796780789675925,2.895198352782829,3.6512300196818512,3.244755322879734,3.231606146787669,0.19944369846348012,0.03242672348901778,0.03645016511650956,0.0345063449573688,0.03461023261904553,0.0014691223115113855,0.014139972709878556,0.017673674346765044,0.016768685422481326,0.017059419331929664,0.0010086402330230545,3456,7168,256,8,2048,1
0.8065200937408193,0.9142414666951328,0.8494507914397815,0.838052440161625,0.03482541114886141,0.014142926395098053,0.01858222840786136,0.016934006265262702,0.017068179018711778,0.001155666568573557,0.009425095477470356,0.011279875618868089,0.010348645369186154,0.010309067057429101,0.0005271622274262827,0.2568686025170512,0.3106002286341161,0.28418842642482095,0.2869584066331262,0.01393875574399671,47.31030686091251,56.955301051175496,52.15933602894196,51.94329502797905,3.18407129084364,0.20888442113602643,0.2618266886937256,0.22734491785410485,0.2240540018992726,0.013862133798415506,2.9839578214114484,3.528656877694094,3.2683708043526685,3.2764587611003053,0.15771992386097794,0.031122310756213835,0.03800713699258678,0.03470664626299173,0.034663453100676894,0.001832391197772374,0.016207924929421705,0.01965238798690071,0.017624889106711495,0.0174953966424723,0.001021700864559633,3584,7168,256,8,2048,1
0.7273114413337968,0.9114168086275506,0.8334056290112184,0.8325482738115717,0.05433614691468706,0.017955325239884388,0.020128437564201785,0.01905157858364656,0.01899041275876777,0.0007507245596544648,0.010100608867397994,0.011914435798965683,0.010962106629412197,0.010840686937788065,0.0005469896696682989,0.2769115117801766,0.3291257681210878,0.2931240233299647,0.2903939914386336,0.015494119326701614,49.09387150548734,59.51272475354423,54.95406455422388,54.486378861323374,3.279421145527496,0.21630675568801716,0.24526341804293483,0.233003136260105,0.23373371447482835,0.008869736131284412,3.0718243191792767,3.8518913837014526,3.4363863710711797,3.445640160545226,0.2056421683324414,0.03351815320055411,0.0402256273098977,0.036282664446021864,0.03569400974004501,0.0018613482388810652,0.016925442576424275,0.019598952853239277,0.01841463116233055,0.018457858404467314,0.0006709173421922586,3712,7168,256,8,2048,1
0.7745540530590288,0.9179300010837083,0.8595628783820066,0.8691616260582973,0.039152686506487275,0.01738292520579492,0.02027824684206976,0.018803124081510435,0.018855570710348893,0.0008633005075942013,0.010778973305803612,0.012135457567143229,0.011435512518965385,0.011408784071784818,0.00037848823807063245,0.2645271694081273,0.330781099671329,0.30078076636344075,0.3014471067436063,0.01940870553446199,53.47541744947272,59.30297278421084,56.10832369740051,56.16359167881637,1.5620207760914473,0.21864673289491882,0.25132458606907254,0.23754858639239024,0.23660695215069585,0.010044638034457681,3.3936439260747906,3.6596088494075,3.528163109624379,3.540007922996555,0.07846956998168889,0.03504084536643997,0.041643010455079454,0.03765249553093548,0.03745456497527178,0.001976811631696691,0.01710421351058941,0.020240177846347372,0.01861635954952663,0.01846807059198001,0.0009513401465497265,3840,7168,256,8,2048,1
0.8130746926559432,0.9755045310782896,0.8992202153261045,0.8900381945350002,0.04815383820243014,0.017871948123437127,0.021520132131851704,0.01933407175172438,0.019058751660165678,0.0010981867434413433,0.010854933389832845,0.012778028028747024,0.011756048963705773,0.011736778527618896,0.0006236287937233328,0.2824119358227734,0.3296332494245754,0.3106350800066461,0.31327282696039005,0.01582619873061272,54.34026111390822,65.65272011961822,58.988829824975106,57.51420380748013,3.469391415140612,0.23650057472937044,0.263976576919042,0.25043064933088655,0.25091127499329013,0.00848419596721138,3.3283776687515907,3.8307071724685517,3.5755649215175196,3.5763257386330496,0.1338146316081517,0.03595474010211974,0.042039146073186845,0.039685662117737726,0.039994526962251406,0.0017963301330076952,0.018055520484484455,0.021241089421891162,0.01938707096792693,0.01921959558354224,0.0008567403400569482,3968,7168,256,8,2048,1
0.878497957785484,1.0421103059339483,0.9525683633999836,0.9454717363685825,0.044677760578341365,0.017645517077303396,0.021230460047759973,0.01995901902627851,0.020327165422902416,0.0010978852401359643,0.010646525201343151,0.012728800068079742,0.011926893588923338,0.012126659498581532,0.0005569993709763276,0.2857371059148847,0.34982477648658816,0.3162734952007294,0.3161976344999403,0.017426594603516827,55.29821106630884,66.05535256453271,60.67302877184382,60.285911535535945,3.149394881340636,0.223885348115263,0.28910048224875384,0.2568486035159245,0.25622316204189755,0.018634717291122947,3.4823309311038346,4.062330241473663,3.777143852949043,3.783572027935648,0.16074738922028495,0.03841996580636958,0.042380949970386966,0.04052532093786594,0.040858113922481024,0.001403790260715496,0.01867220132652057,0.02151541381534821,0.019879775656757685,0.01954769794199094,0.0010708415633467235,4096,7168,256,8,2048,1
