batch_id,replica_id,stage_id,enable_prefetch,layer_index,attention_compute_time,mlp_compute_time,kv_cache_load_time,weight_load_time,tensor_parallel_comm_time,expert_parallel_comm_time,prefetch_overlap_savings,is_moe_layer,num_active_experts,routing_time,compute_time,io_time,comm_time,effective_io_time,total_time,start_time,end_time
0,0,0,True,0,0.46223555423280493,0.6805668686507899,0.0,0.0,0,0.0,0.0,False,0,0.0,1.142802422883595,0.0,0.0,0.0,1.142802422883595,2.040120574549602,2.0412633769724855
0,0,0,True,1,0.46223555423280493,0.6805668686507899,0.0,0.0,0,0.0,0.0,False,0,0.0,1.142802422883595,0.0,0.0,0.0,1.142802422883595,2.0412633769724855,2.0424061793953694
0,0,0,True,2,0.46223555423280493,0.6805668686507899,0.0,0.0,0,0.0,0.0,False,0,0.0,1.142802422883595,0.0,0.0,0.0,1.142802422883595,2.0424061793953694,2.043548981818253
0,0,0,True,3,0.46223555423280493,0.6805668686507899,0.0,0.0,0,0.0,0.0,False,0,0.0,1.142802422883595,0.0,0.0,0.0,1.142802422883595,2.043548981818253,2.0446917842411363
0,0,0,True,4,0.46223555423280493,0.6805668686507899,0.0,0.0,0,0.0,0.0,False,0,0.0,1.142802422883595,0.0,0.0,0.0,1.142802422883595,2.0446917842411363,2.04583458666402
0,0,0,True,5,0.46223555423280493,0.6805668686507899,0.0,0.0,0,0.0,0.0,False,0,0.0,1.142802422883595,0.0,0.0,0.0,1.142802422883595,2.04583458666402,2.0469773890869036
0,0,0,True,6,0.46223555423280493,0.6805668686507899,0.0,0.0,0,0.0,0.0,False,0,0.0,1.142802422883595,0.0,0.0,0.0,1.142802422883595,2.0469773890869036,2.048120191509787
0,0,0,True,7,0.46223555423280493,0.6805668686507899,0.0,0.0,0,0.0,0.0,False,0,0.0,1.142802422883595,0.0,0.0,0.0,1.142802422883595,2.048120191509787,2.049262993932671
0,0,0,True,8,0.46223555423280493,0.6805668686507899,0.0,0.0,0,0.0,0.0,False,0,0.0,1.142802422883595,0.0,0.0,0.0,1.142802422883595,2.049262993932671,2.0504057963555544
0,0,0,True,9,0.46223555423280493,0.6805668686507899,0.0,0.0,0,0.0,0.0,False,0,0.0,1.142802422883595,0.0,0.0,0.0,1.142802422883595,2.0504057963555544,2.051548598778438
0,0,0,True,10,0.46223555423280493,0.6805668686507899,0.0,0.0,0,0.0,0.0,False,0,0.0,1.142802422883595,0.0,0.0,0.0,1.142802422883595,2.051548598778438,2.0526914012013218
0,0,0,True,11,0.46223555423280493,0.6805668686507899,0.0,0.0,0,0.0,0.0,False,0,0.0,1.142802422883595,0.0,0.0,0.0,1.142802422883595,2.0526914012013218,2.053834203624205
0,0,0,True,12,0.46223555423280493,0.6805668686507899,0.0,0.0,0,0.0,0.0,False,0,0.0,1.142802422883595,0.0,0.0,0.0,1.142802422883595,2.053834203624205,2.0549770060470887
0,0,0,True,13,0.46223555423280493,0.6805668686507899,0.0,0.0,0,0.0,0.0,False,0,0.0,1.142802422883595,0.0,0.0,0.0,1.142802422883595,2.0549770060470887,2.0561198084699726
0,0,0,True,14,0.46223555423280493,0.6805668686507899,0.0,0.0,0,0.0,0.0,False,0,0.0,1.142802422883595,0.0,0.0,0.0,1.142802422883595,2.0561198084699726,2.057262610892856
0,0,0,True,15,0.46223555423280493,0.6805668686507899,0.0,0.0,0,0.0,0.0,False,0,0.0,1.142802422883595,0.0,0.0,0.0,1.142802422883595,2.057262610892856,2.0584054133157395
0,0,0,True,16,0.46223555423280493,0.6805668686507899,0.0,0.0,0,0.0,0.0,False,0,0.0,1.142802422883595,0.0,0.0,0.0,1.142802422883595,2.0584054133157395,2.0595482157386233
0,0,0,True,17,0.46223555423280493,0.6805668686507899,0.0,0.0,0,0.0,0.0,False,0,0.0,1.142802422883595,0.0,0.0,0.0,1.142802422883595,2.0595482157386233,2.060691018161507
0,0,0,True,18,0.46223555423280493,0.6805668686507899,0.0,0.0,0,0.0,0.0,False,0,0.0,1.142802422883595,0.0,0.0,0.0,1.142802422883595,2.060691018161507,2.0618338205843902
0,0,0,True,19,0.46223555423280493,0.6805668686507899,0.0,0.0,0,0.0,0.0,False,0,0.0,1.142802422883595,0.0,0.0,0.0,1.142802422883595,2.0618338205843902,2.062976623007274
0,0,0,True,20,0.46223555423280493,0.6805668686507899,0.0,0.0,0,0.0,0.0,False,0,0.0,1.142802422883595,0.0,0.0,0.0,1.142802422883595,2.062976623007274,2.0641194254301576
0,0,0,True,21,0.46223555423280493,0.6805668686507899,0.0,0.0,0,0.0,0.0,False,0,0.0,1.142802422883595,0.0,0.0,0.0,1.142802422883595,2.0641194254301576,2.065262227853041
0,0,0,True,22,0.46223555423280493,0.6805668686507899,0.0,0.0,0,0.0,0.0,False,0,0.0,1.142802422883595,0.0,0.0,0.0,1.142802422883595,2.065262227853041,2.066405030275925
0,0,0,True,23,0.46223555423280493,0.6805668686507899,0.0,0.0,0,0.0,0.0,False,0,0.0,1.142802422883595,0.0,0.0,0.0,1.142802422883595,2.066405030275925,2.0675478326988084
0,0,0,True,24,0.46223555423280493,0.6805668686507899,0.0,0.0,0,0.0,0.0,False,0,0.0,1.142802422883595,0.0,0.0,0.0,1.142802422883595,2.0675478326988084,2.068690635121692
0,0,0,True,25,0.46223555423280493,0.6805668686507899,0.0,0.0,0,0.0,0.0,False,0,0.0,1.142802422883595,0.0,0.0,0.0,1.142802422883595,2.068690635121692,2.0698334375445757
0,0,0,True,26,0.46223555423280493,0.6805668686507899,0.0,0.0,0,0.0,0.0,False,0,0.0,1.142802422883595,0.0,0.0,0.0,1.142802422883595,2.0698334375445757,2.070976239967459
0,0,0,True,27,0.46223555423280493,0.6805668686507899,0.0,0.0,0,0.0,0.0,False,0,0.0,1.142802422883595,0.0,0.0,0.0,1.142802422883595,2.070976239967459,2.0721190423903426
0,0,0,True,28,0.46223555423280493,0.6805668686507899,0.0,0.0,0,0.0,0.0,False,0,0.0,1.142802422883595,0.0,0.0,0.0,1.142802422883595,2.0721190423903426,2.0732618448132265
0,0,0,True,29,0.46223555423280493,0.6805668686507899,0.0,0.0,0,0.0,0.0,False,0,0.0,1.142802422883595,0.0,0.0,0.0,1.142802422883595,2.0732618448132265,2.07440464723611
0,0,0,True,30,0.46223555423280493,0.6805668686507899,0.0,0.0,0,0.0,0.0,False,0,0.0,1.142802422883595,0.0,0.0,0.0,1.142802422883595,2.07440464723611,2.0755474496589934
0,0,0,True,31,0.46223555423280493,0.6805668686507899,0.0,0.0,0,0.0,0.0,False,0,0.0,1.142802422883595,0.0,0.0,0.0,1.142802422883595,2.0755474496589934,2.0766902520818773
1,0,0,True,0,0.5014862208994721,0.6805668686507899,0.0,0.0,0,0.0,0.0,False,0,0.0,1.1820530895502621,0.0,0.0,0.0,1.1820530895502621,2.076914124081877,2.0780961771714273
1,0,0,True,1,0.5014862208994721,0.6805668686507899,0.0,0.0,0,0.0,0.0,False,0,0.0,1.1820530895502621,0.0,0.0,0.0,1.1820530895502621,2.0780961771714273,2.079278230260978
1,0,0,True,2,0.5014862208994721,0.6805668686507899,0.0,0.0,0,0.0,0.0,False,0,0.0,1.1820530895502621,0.0,0.0,0.0,1.1820530895502621,2.079278230260978,2.080460283350528
1,0,0,True,3,0.5014862208994721,0.6805668686507899,0.0,0.0,0,0.0,0.0,False,0,0.0,1.1820530895502621,0.0,0.0,0.0,1.1820530895502621,2.080460283350528,2.081642336440078
1,0,0,True,4,0.5014862208994721,0.6805668686507899,0.0,0.0,0,0.0,0.0,False,0,0.0,1.1820530895502621,0.0,0.0,0.0,1.1820530895502621,2.081642336440078,2.0828243895296286
1,0,0,True,5,0.5014862208994721,0.6805668686507899,0.0,0.0,0,0.0,0.0,False,0,0.0,1.1820530895502621,0.0,0.0,0.0,1.1820530895502621,2.0828243895296286,2.0840064426191787
1,0,0,True,6,0.5014862208994721,0.6805668686507899,0.0,0.0,0,0.0,0.0,False,0,0.0,1.1820530895502621,0.0,0.0,0.0,1.1820530895502621,2.0840064426191787,2.0851884957087288
1,0,0,True,7,0.5014862208994721,0.6805668686507899,0.0,0.0,0,0.0,0.0,False,0,0.0,1.1820530895502621,0.0,0.0,0.0,1.1820530895502621,2.0851884957087288,2.0863705487982793
1,0,0,True,8,0.5014862208994721,0.6805668686507899,0.0,0.0,0,0.0,0.0,False,0,0.0,1.1820530895502621,0.0,0.0,0.0,1.1820530895502621,2.0863705487982793,2.0875526018878294
1,0,0,True,9,0.5014862208994721,0.6805668686507899,0.0,0.0,0,0.0,0.0,False,0,0.0,1.1820530895502621,0.0,0.0,0.0,1.1820530895502621,2.0875526018878294,2.08873465497738
1,0,0,True,10,0.5014862208994721,0.6805668686507899,0.0,0.0,0,0.0,0.0,False,0,0.0,1.1820530895502621,0.0,0.0,0.0,1.1820530895502621,2.08873465497738,2.08991670806693
1,0,0,True,11,0.5014862208994721,0.6805668686507899,0.0,0.0,0,0.0,0.0,False,0,0.0,1.1820530895502621,0.0,0.0,0.0,1.1820530895502621,2.08991670806693,2.09109876115648
1,0,0,True,12,0.5014862208994721,0.6805668686507899,0.0,0.0,0,0.0,0.0,False,0,0.0,1.1820530895502621,0.0,0.0,0.0,1.1820530895502621,2.09109876115648,2.0922808142460307
1,0,0,True,13,0.5014862208994721,0.6805668686507899,0.0,0.0,0,0.0,0.0,False,0,0.0,1.1820530895502621,0.0,0.0,0.0,1.1820530895502621,2.0922808142460307,2.093462867335581
1,0,0,True,14,0.5014862208994721,0.6805668686507899,0.0,0.0,0,0.0,0.0,False,0,0.0,1.1820530895502621,0.0,0.0,0.0,1.1820530895502621,2.093462867335581,2.094644920425131
1,0,0,True,15,0.5014862208994721,0.6805668686507899,0.0,0.0,0,0.0,0.0,False,0,0.0,1.1820530895502621,0.0,0.0,0.0,1.1820530895502621,2.094644920425131,2.0958269735146815
1,0,0,True,16,0.5014862208994721,0.6805668686507899,0.0,0.0,0,0.0,0.0,False,0,0.0,1.1820530895502621,0.0,0.0,0.0,1.1820530895502621,2.0958269735146815,2.0970090266042316
1,0,0,True,17,0.5014862208994721,0.6805668686507899,0.0,0.0,0,0.0,0.0,False,0,0.0,1.1820530895502621,0.0,0.0,0.0,1.1820530895502621,2.0970090266042316,2.0981910796937817
1,0,0,True,18,0.5014862208994721,0.6805668686507899,0.0,0.0,0,0.0,0.0,False,0,0.0,1.1820530895502621,0.0,0.0,0.0,1.1820530895502621,2.0981910796937817,2.0993731327833323
1,0,0,True,19,0.5014862208994721,0.6805668686507899,0.0,0.0,0,0.0,0.0,False,0,0.0,1.1820530895502621,0.0,0.0,0.0,1.1820530895502621,2.0993731327833323,2.1005551858728824
1,0,0,True,20,0.5014862208994721,0.6805668686507899,0.0,0.0,0,0.0,0.0,False,0,0.0,1.1820530895502621,0.0,0.0,0.0,1.1820530895502621,2.1005551858728824,2.1017372389624325
1,0,0,True,21,0.5014862208994721,0.6805668686507899,0.0,0.0,0,0.0,0.0,False,0,0.0,1.1820530895502621,0.0,0.0,0.0,1.1820530895502621,2.1017372389624325,2.102919292051983
1,0,0,True,22,0.5014862208994721,0.6805668686507899,0.0,0.0,0,0.0,0.0,False,0,0.0,1.1820530895502621,0.0,0.0,0.0,1.1820530895502621,2.102919292051983,2.104101345141533
1,0,0,True,23,0.5014862208994721,0.6805668686507899,0.0,0.0,0,0.0,0.0,False,0,0.0,1.1820530895502621,0.0,0.0,0.0,1.1820530895502621,2.104101345141533,2.1052833982310832
1,0,0,True,24,0.5014862208994721,0.6805668686507899,0.0,0.0,0,0.0,0.0,False,0,0.0,1.1820530895502621,0.0,0.0,0.0,1.1820530895502621,2.1052833982310832,2.106465451320634
1,0,0,True,25,0.5014862208994721,0.6805668686507899,0.0,0.0,0,0.0,0.0,False,0,0.0,1.1820530895502621,0.0,0.0,0.0,1.1820530895502621,2.106465451320634,2.107647504410184
1,0,0,True,26,0.5014862208994721,0.6805668686507899,0.0,0.0,0,0.0,0.0,False,0,0.0,1.1820530895502621,0.0,0.0,0.0,1.1820530895502621,2.107647504410184,2.1088295574997344
1,0,0,True,27,0.5014862208994721,0.6805668686507899,0.0,0.0,0,0.0,0.0,False,0,0.0,1.1820530895502621,0.0,0.0,0.0,1.1820530895502621,2.1088295574997344,2.1100116105892845
1,0,0,True,28,0.5014862208994721,0.6805668686507899,0.0,0.0,0,0.0,0.0,False,0,0.0,1.1820530895502621,0.0,0.0,0.0,1.1820530895502621,2.1100116105892845,2.1111936636788347
1,0,0,True,29,0.5014862208994721,0.6805668686507899,0.0,0.0,0,0.0,0.0,False,0,0.0,1.1820530895502621,0.0,0.0,0.0,1.1820530895502621,2.1111936636788347,2.112375716768385
1,0,0,True,30,0.5014862208994721,0.6805668686507899,0.0,0.0,0,0.0,0.0,False,0,0.0,1.1820530895502621,0.0,0.0,0.0,1.1820530895502621,2.112375716768385,2.1135577698579353
1,0,0,True,31,0.5014862208994721,0.6805668686507899,0.0,0.0,0,0.0,0.0,False,0,0.0,1.1820530895502621,0.0,0.0,0.0,1.1820530895502621,2.1135577698579353,2.1147398229474854
2,0,0,True,0,0.5345064304232823,0.6805668686507899,0.0,0.0,0,0.0,0.0,False,0,0.0,1.215073299074072,0.0,0.0,0.0,1.215073299074072,2.1149636949474857,2.11617876824656
2,0,0,True,1,0.5345064304232823,0.6805668686507899,0.0,0.0,0,0.0,0.0,False,0,0.0,1.215073299074072,0.0,0.0,0.0,1.215073299074072,2.11617876824656,2.117393841545634
2,0,0,True,2,0.5345064304232823,0.6805668686507899,0.0,0.0,0,0.0,0.0,False,0,0.0,1.215073299074072,0.0,0.0,0.0,1.215073299074072,2.117393841545634,2.118608914844708
2,0,0,True,3,0.5345064304232823,0.6805668686507899,0.0,0.0,0,0.0,0.0,False,0,0.0,1.215073299074072,0.0,0.0,0.0,1.215073299074072,2.118608914844708,2.119823988143782
2,0,0,True,4,0.5345064304232823,0.6805668686507899,0.0,0.0,0,0.0,0.0,False,0,0.0,1.215073299074072,0.0,0.0,0.0,1.215073299074072,2.119823988143782,2.1210390614428563
2,0,0,True,5,0.5345064304232823,0.6805668686507899,0.0,0.0,0,0.0,0.0,False,0,0.0,1.215073299074072,0.0,0.0,0.0,1.215073299074072,2.1210390614428563,2.12225413474193
2,0,0,True,6,0.5345064304232823,0.6805668686507899,0.0,0.0,0,0.0,0.0,False,0,0.0,1.215073299074072,0.0,0.0,0.0,1.215073299074072,2.12225413474193,2.123469208041004
2,0,0,True,7,0.5345064304232823,0.6805668686507899,0.0,0.0,0,0.0,0.0,False,0,0.0,1.215073299074072,0.0,0.0,0.0,1.215073299074072,2.123469208041004,2.124684281340078
2,0,0,True,8,0.5345064304232823,0.6805668686507899,0.0,0.0,0,0.0,0.0,False,0,0.0,1.215073299074072,0.0,0.0,0.0,1.215073299074072,2.124684281340078,2.1258993546391523
2,0,0,True,9,0.5345064304232823,0.6805668686507899,0.0,0.0,0,0.0,0.0,False,0,0.0,1.215073299074072,0.0,0.0,0.0,1.215073299074072,2.1258993546391523,2.1271144279382264
2,0,0,True,10,0.5345064304232823,0.6805668686507899,0.0,0.0,0,0.0,0.0,False,0,0.0,1.215073299074072,0.0,0.0,0.0,1.215073299074072,2.1271144279382264,2.1283295012373005
2,0,0,True,11,0.5345064304232823,0.6805668686507899,0.0,0.0,0,0.0,0.0,False,0,0.0,1.215073299074072,0.0,0.0,0.0,1.215073299074072,2.1283295012373005,2.1295445745363746
2,0,0,True,12,0.5345064304232823,0.6805668686507899,0.0,0.0,0,0.0,0.0,False,0,0.0,1.215073299074072,0.0,0.0,0.0,1.215073299074072,2.1295445745363746,2.1307596478354487
2,0,0,True,13,0.5345064304232823,0.6805668686507899,0.0,0.0,0,0.0,0.0,False,0,0.0,1.215073299074072,0.0,0.0,0.0,1.215073299074072,2.1307596478354487,2.131974721134523
2,0,0,True,14,0.5345064304232823,0.6805668686507899,0.0,0.0,0,0.0,0.0,False,0,0.0,1.215073299074072,0.0,0.0,0.0,1.215073299074072,2.131974721134523,2.133189794433597
2,0,0,True,15,0.5345064304232823,0.6805668686507899,0.0,0.0,0,0.0,0.0,False,0,0.0,1.215073299074072,0.0,0.0,0.0,1.215073299074072,2.133189794433597,2.134404867732671
2,0,0,True,16,0.5345064304232823,0.6805668686507899,0.0,0.0,0,0.0,0.0,False,0,0.0,1.215073299074072,0.0,0.0,0.0,1.215073299074072,2.134404867732671,2.135619941031745
2,0,0,True,17,0.5345064304232823,0.6805668686507899,0.0,0.0,0,0.0,0.0,False,0,0.0,1.215073299074072,0.0,0.0,0.0,1.215073299074072,2.135619941031745,2.136835014330819
2,0,0,True,18,0.5345064304232823,0.6805668686507899,0.0,0.0,0,0.0,0.0,False,0,0.0,1.215073299074072,0.0,0.0,0.0,1.215073299074072,2.136835014330819,2.138050087629893
2,0,0,True,19,0.5345064304232823,0.6805668686507899,0.0,0.0,0,0.0,0.0,False,0,0.0,1.215073299074072,0.0,0.0,0.0,1.215073299074072,2.138050087629893,2.139265160928967
2,0,0,True,20,0.5345064304232823,0.6805668686507899,0.0,0.0,0,0.0,0.0,False,0,0.0,1.215073299074072,0.0,0.0,0.0,1.215073299074072,2.139265160928967,2.140480234228041
2,0,0,True,21,0.5345064304232823,0.6805668686507899,0.0,0.0,0,0.0,0.0,False,0,0.0,1.215073299074072,0.0,0.0,0.0,1.215073299074072,2.140480234228041,2.1416953075271152
2,0,0,True,22,0.5345064304232823,0.6805668686507899,0.0,0.0,0,0.0,0.0,False,0,0.0,1.215073299074072,0.0,0.0,0.0,1.215073299074072,2.1416953075271152,2.1429103808261893
2,0,0,True,23,0.5345064304232823,0.6805668686507899,0.0,0.0,0,0.0,0.0,False,0,0.0,1.215073299074072,0.0,0.0,0.0,1.215073299074072,2.1429103808261893,2.1441254541252635
2,0,0,True,24,0.5345064304232823,0.6805668686507899,0.0,0.0,0,0.0,0.0,False,0,0.0,1.215073299074072,0.0,0.0,0.0,1.215073299074072,2.1441254541252635,2.1453405274243376
2,0,0,True,25,0.5345064304232823,0.6805668686507899,0.0,0.0,0,0.0,0.0,False,0,0.0,1.215073299074072,0.0,0.0,0.0,1.215073299074072,2.1453405274243376,2.1465556007234117
2,0,0,True,26,0.5345064304232823,0.6805668686507899,0.0,0.0,0,0.0,0.0,False,0,0.0,1.215073299074072,0.0,0.0,0.0,1.215073299074072,2.1465556007234117,2.147770674022486
2,0,0,True,27,0.5345064304232823,0.6805668686507899,0.0,0.0,0,0.0,0.0,False,0,0.0,1.215073299074072,0.0,0.0,0.0,1.215073299074072,2.147770674022486,2.14898574732156
2,0,0,True,28,0.5345064304232823,0.6805668686507899,0.0,0.0,0,0.0,0.0,False,0,0.0,1.215073299074072,0.0,0.0,0.0,1.215073299074072,2.14898574732156,2.1502008206206336
2,0,0,True,29,0.5345064304232823,0.6805668686507899,0.0,0.0,0,0.0,0.0,False,0,0.0,1.215073299074072,0.0,0.0,0.0,1.215073299074072,2.1502008206206336,2.1514158939197077
2,0,0,True,30,0.5345064304232823,0.6805668686507899,0.0,0.0,0,0.0,0.0,False,0,0.0,1.215073299074072,0.0,0.0,0.0,1.215073299074072,2.1514158939197077,2.1526309672187818
2,0,0,True,31,0.5345064304232823,0.6805668686507899,0.0,0.0,0,0.0,0.0,False,0,0.0,1.215073299074072,0.0,0.0,0.0,1.215073299074072,2.1526309672187818,2.153846040517856
3,0,0,True,0,0.5770022208994736,0.6805668686507899,0.0,0.0,0,0.0,0.0,False,0,0.0,1.2575690895502634,0.0,0.0,0.0,1.2575690895502634,2.154069912517856,2.1553274816074066
3,0,0,True,1,0.5770022208994736,0.6805668686507899,0.0,0.0,0,0.0,0.0,False,0,0.0,1.2575690895502634,0.0,0.0,0.0,1.2575690895502634,2.1553274816074066,2.1565850506969566
3,0,0,True,2,0.5770022208994736,0.6805668686507899,0.0,0.0,0,0.0,0.0,False,0,0.0,1.2575690895502634,0.0,0.0,0.0,1.2575690895502634,2.1565850506969566,2.157842619786507
3,0,0,True,3,0.5770022208994736,0.6805668686507899,0.0,0.0,0,0.0,0.0,False,0,0.0,1.2575690895502634,0.0,0.0,0.0,1.2575690895502634,2.157842619786507,2.159100188876057
3,0,0,True,4,0.5770022208994736,0.6805668686507899,0.0,0.0,0,0.0,0.0,False,0,0.0,1.2575690895502634,0.0,0.0,0.0,1.2575690895502634,2.159100188876057,2.1603577579656075
3,0,0,True,5,0.5770022208994736,0.6805668686507899,0.0,0.0,0,0.0,0.0,False,0,0.0,1.2575690895502634,0.0,0.0,0.0,1.2575690895502634,2.1603577579656075,2.161615327055158
3,0,0,True,6,0.5770022208994736,0.6805668686507899,0.0,0.0,0,0.0,0.0,False,0,0.0,1.2575690895502634,0.0,0.0,0.0,1.2575690895502634,2.161615327055158,2.162872896144708
3,0,0,True,7,0.5770022208994736,0.6805668686507899,0.0,0.0,0,0.0,0.0,False,0,0.0,1.2575690895502634,0.0,0.0,0.0,1.2575690895502634,2.162872896144708,2.1641304652342583
3,0,0,True,8,0.5770022208994736,0.6805668686507899,0.0,0.0,0,0.0,0.0,False,0,0.0,1.2575690895502634,0.0,0.0,0.0,1.2575690895502634,2.1641304652342583,2.1653880343238083
3,0,0,True,9,0.5770022208994736,0.6805668686507899,0.0,0.0,0,0.0,0.0,False,0,0.0,1.2575690895502634,0.0,0.0,0.0,1.2575690895502634,2.1653880343238083,2.1666456034133588
3,0,0,True,10,0.5770022208994736,0.6805668686507899,0.0,0.0,0,0.0,0.0,False,0,0.0,1.2575690895502634,0.0,0.0,0.0,1.2575690895502634,2.1666456034133588,2.167903172502909
3,0,0,True,11,0.5770022208994736,0.6805668686507899,0.0,0.0,0,0.0,0.0,False,0,0.0,1.2575690895502634,0.0,0.0,0.0,1.2575690895502634,2.167903172502909,2.169160741592459
3,0,0,True,12,0.5770022208994736,0.6805668686507899,0.0,0.0,0,0.0,0.0,False,0,0.0,1.2575690895502634,0.0,0.0,0.0,1.2575690895502634,2.169160741592459,2.1704183106820096
3,0,0,True,13,0.5770022208994736,0.6805668686507899,0.0,0.0,0,0.0,0.0,False,0,0.0,1.2575690895502634,0.0,0.0,0.0,1.2575690895502634,2.1704183106820096,2.17167587977156
3,0,0,True,14,0.5770022208994736,0.6805668686507899,0.0,0.0,0,0.0,0.0,False,0,0.0,1.2575690895502634,0.0,0.0,0.0,1.2575690895502634,2.17167587977156,2.17293344886111
3,0,0,True,15,0.5770022208994736,0.6805668686507899,0.0,0.0,0,0.0,0.0,False,0,0.0,1.2575690895502634,0.0,0.0,0.0,1.2575690895502634,2.17293344886111,2.1741910179506605
3,0,0,True,16,0.5770022208994736,0.6805668686507899,0.0,0.0,0,0.0,0.0,False,0,0.0,1.2575690895502634,0.0,0.0,0.0,1.2575690895502634,2.1741910179506605,2.1754485870402105
3,0,0,True,17,0.5770022208994736,0.6805668686507899,0.0,0.0,0,0.0,0.0,False,0,0.0,1.2575690895502634,0.0,0.0,0.0,1.2575690895502634,2.1754485870402105,2.176706156129761
3,0,0,True,18,0.5770022208994736,0.6805668686507899,0.0,0.0,0,0.0,0.0,False,0,0.0,1.2575690895502634,0.0,0.0,0.0,1.2575690895502634,2.176706156129761,2.1779637252193114
3,0,0,True,19,0.5770022208994736,0.6805668686507899,0.0,0.0,0,0.0,0.0,False,0,0.0,1.2575690895502634,0.0,0.0,0.0,1.2575690895502634,2.1779637252193114,2.1792212943088614
3,0,0,True,20,0.5770022208994736,0.6805668686507899,0.0,0.0,0,0.0,0.0,False,0,0.0,1.2575690895502634,0.0,0.0,0.0,1.2575690895502634,2.1792212943088614,2.180478863398412
3,0,0,True,21,0.5770022208994736,0.6805668686507899,0.0,0.0,0,0.0,0.0,False,0,0.0,1.2575690895502634,0.0,0.0,0.0,1.2575690895502634,2.180478863398412,2.181736432487962
3,0,0,True,22,0.5770022208994736,0.6805668686507899,0.0,0.0,0,0.0,0.0,False,0,0.0,1.2575690895502634,0.0,0.0,0.0,1.2575690895502634,2.181736432487962,2.182994001577512
3,0,0,True,23,0.5770022208994736,0.6805668686507899,0.0,0.0,0,0.0,0.0,False,0,0.0,1.2575690895502634,0.0,0.0,0.0,1.2575690895502634,2.182994001577512,2.1842515706670627
3,0,0,True,24,0.5770022208994736,0.6805668686507899,0.0,0.0,0,0.0,0.0,False,0,0.0,1.2575690895502634,0.0,0.0,0.0,1.2575690895502634,2.1842515706670627,2.1855091397566127
3,0,0,True,25,0.5770022208994736,0.6805668686507899,0.0,0.0,0,0.0,0.0,False,0,0.0,1.2575690895502634,0.0,0.0,0.0,1.2575690895502634,2.1855091397566127,2.186766708846163
3,0,0,True,26,0.5770022208994736,0.6805668686507899,0.0,0.0,0,0.0,0.0,False,0,0.0,1.2575690895502634,0.0,0.0,0.0,1.2575690895502634,2.186766708846163,2.188024277935713
3,0,0,True,27,0.5770022208994736,0.6805668686507899,0.0,0.0,0,0.0,0.0,False,0,0.0,1.2575690895502634,0.0,0.0,0.0,1.2575690895502634,2.188024277935713,2.1892818470252635
3,0,0,True,28,0.5770022208994736,0.6805668686507899,0.0,0.0,0,0.0,0.0,False,0,0.0,1.2575690895502634,0.0,0.0,0.0,1.2575690895502634,2.1892818470252635,2.190539416114814
3,0,0,True,29,0.5770022208994736,0.6805668686507899,0.0,0.0,0,0.0,0.0,False,0,0.0,1.2575690895502634,0.0,0.0,0.0,1.2575690895502634,2.190539416114814,2.191796985204364
3,0,0,True,30,0.5770022208994736,0.6805668686507899,0.0,0.0,0,0.0,0.0,False,0,0.0,1.2575690895502634,0.0,0.0,0.0,1.2575690895502634,2.191796985204364,2.1930545542939144
3,0,0,True,31,0.5770022208994736,0.6805668686507899,0.0,0.0,0,0.0,0.0,False,0,0.0,1.2575690895502634,0.0,0.0,0.0,1.2575690895502634,2.1930545542939144,2.194312123383465
4,0,0,True,0,0.49321155423280477,0.6805668686507899,1.2406848725818451,0.0,0,0.0,0.0,False,0,0.0,1.1737784228835946,1.2406848725818451,0.0,1.2406848725818451,2.4144632954654397,2.1945359953834647,2.19695045867893
4,0,0,True,1,0.49321155423280477,0.6805668686507899,1.2406848725818451,0.0,0,0.0,1.1737784228835946,False,0,0.0,1.1737784228835946,1.2406848725818451,0.0,0.06690644969825055,1.2406848725818451,2.19695045867893,2.198191143551512
4,0,0,True,2,0.49321155423280477,0.6805668686507899,1.2406848725818451,0.0,0,0.0,1.1737784228835946,False,0,0.0,1.1737784228835946,1.2406848725818451,0.0,0.06690644969825055,1.2406848725818451,2.198191143551512,2.199431828424094
4,0,0,True,3,0.49321155423280477,0.6805668686507899,1.2406848725818451,0.0,0,0.0,1.1737784228835946,False,0,0.0,1.1737784228835946,1.2406848725818451,0.0,0.06690644969825055,1.2406848725818451,2.199431828424094,2.200672513296676
4,0,0,True,4,0.49321155423280477,0.6805668686507899,1.2406848725818451,0.0,0,0.0,1.1737784228835946,False,0,0.0,1.1737784228835946,1.2406848725818451,0.0,0.06690644969825055,1.2406848725818451,2.200672513296676,2.2019131981692577
4,0,0,True,5,0.49321155423280477,0.6805668686507899,1.2406848725818451,0.0,0,0.0,1.1737784228835946,False,0,0.0,1.1737784228835946,1.2406848725818451,0.0,0.06690644969825055,1.2406848725818451,2.2019131981692577,2.203153883041839
4,0,0,True,6,0.49321155423280477,0.6805668686507899,1.2406848725818451,0.0,0,0.0,1.1737784228835946,False,0,0.0,1.1737784228835946,1.2406848725818451,0.0,0.06690644969825055,1.2406848725818451,2.203153883041839,2.204394567914421
4,0,0,True,7,0.49321155423280477,0.6805668686507899,1.2406848725818451,0.0,0,0.0,1.1737784228835946,False,0,0.0,1.1737784228835946,1.2406848725818451,0.0,0.06690644969825055,1.2406848725818451,2.204394567914421,2.205635252787003
4,0,0,True,8,0.49321155423280477,0.6805668686507899,1.2406848725818451,0.0,0,0.0,1.1737784228835946,False,0,0.0,1.1737784228835946,1.2406848725818451,0.0,0.06690644969825055,1.2406848725818451,2.205635252787003,2.206875937659585
4,0,0,True,9,0.49321155423280477,0.6805668686507899,1.2406848725818451,0.0,0,0.0,1.1737784228835946,False,0,0.0,1.1737784228835946,1.2406848725818451,0.0,0.06690644969825055,1.2406848725818451,2.206875937659585,2.2081166225321667
4,0,0,True,10,0.49321155423280477,0.6805668686507899,1.2406848725818451,0.0,0,0.0,1.1737784228835946,False,0,0.0,1.1737784228835946,1.2406848725818451,0.0,0.06690644969825055,1.2406848725818451,2.2081166225321667,2.2093573074047486
4,0,0,True,11,0.49321155423280477,0.6805668686507899,1.2406848725818451,0.0,0,0.0,1.1737784228835946,False,0,0.0,1.1737784228835946,1.2406848725818451,0.0,0.06690644969825055,1.2406848725818451,2.2093573074047486,2.2105979922773304
4,0,0,True,12,0.49321155423280477,0.6805668686507899,1.2406848725818451,0.0,0,0.0,1.1737784228835946,False,0,0.0,1.1737784228835946,1.2406848725818451,0.0,0.06690644969825055,1.2406848725818451,2.2105979922773304,2.2118386771499123
4,0,0,True,13,0.49321155423280477,0.6805668686507899,1.2406848725818451,0.0,0,0.0,1.1737784228835946,False,0,0.0,1.1737784228835946,1.2406848725818451,0.0,0.06690644969825055,1.2406848725818451,2.2118386771499123,2.2130793620224942
4,0,0,True,14,0.49321155423280477,0.6805668686507899,1.2406848725818451,0.0,0,0.0,1.1737784228835946,False,0,0.0,1.1737784228835946,1.2406848725818451,0.0,0.06690644969825055,1.2406848725818451,2.2130793620224942,2.214320046895076
4,0,0,True,15,0.49321155423280477,0.6805668686507899,1.2406848725818451,0.0,0,0.0,1.1737784228835946,False,0,0.0,1.1737784228835946,1.2406848725818451,0.0,0.06690644969825055,1.2406848725818451,2.214320046895076,2.215560731767658
4,0,0,True,16,0.49321155423280477,0.6805668686507899,1.2406848725818451,0.0,0,0.0,1.1737784228835946,False,0,0.0,1.1737784228835946,1.2406848725818451,0.0,0.06690644969825055,1.2406848725818451,2.215560731767658,2.2168014166402394
4,0,0,True,17,0.49321155423280477,0.6805668686507899,1.2406848725818451,0.0,0,0.0,1.1737784228835946,False,0,0.0,1.1737784228835946,1.2406848725818451,0.0,0.06690644969825055,1.2406848725818451,2.2168014166402394,2.2180421015128213
4,0,0,True,18,0.49321155423280477,0.6805668686507899,1.2406848725818451,0.0,0,0.0,1.1737784228835946,False,0,0.0,1.1737784228835946,1.2406848725818451,0.0,0.06690644969825055,1.2406848725818451,2.2180421015128213,2.219282786385403
4,0,0,True,19,0.49321155423280477,0.6805668686507899,1.2406848725818451,0.0,0,0.0,1.1737784228835946,False,0,0.0,1.1737784228835946,1.2406848725818451,0.0,0.06690644969825055,1.2406848725818451,2.219282786385403,2.220523471257985
4,0,0,True,20,0.49321155423280477,0.6805668686507899,1.2406848725818451,0.0,0,0.0,1.1737784228835946,False,0,0.0,1.1737784228835946,1.2406848725818451,0.0,0.06690644969825055,1.2406848725818451,2.220523471257985,2.221764156130567
4,0,0,True,21,0.49321155423280477,0.6805668686507899,1.2406848725818451,0.0,0,0.0,1.1737784228835946,False,0,0.0,1.1737784228835946,1.2406848725818451,0.0,0.06690644969825055,1.2406848725818451,2.221764156130567,2.223004841003149
4,0,0,True,22,0.49321155423280477,0.6805668686507899,1.2406848725818451,0.0,0,0.0,1.1737784228835946,False,0,0.0,1.1737784228835946,1.2406848725818451,0.0,0.06690644969825055,1.2406848725818451,2.223004841003149,2.2242455258757308
4,0,0,True,23,0.49321155423280477,0.6805668686507899,1.2406848725818451,0.0,0,0.0,1.1737784228835946,False,0,0.0,1.1737784228835946,1.2406848725818451,0.0,0.06690644969825055,1.2406848725818451,2.2242455258757308,2.2254862107483127
4,0,0,True,24,0.49321155423280477,0.6805668686507899,1.2406848725818451,0.0,0,0.0,1.1737784228835946,False,0,0.0,1.1737784228835946,1.2406848725818451,0.0,0.06690644969825055,1.2406848725818451,2.2254862107483127,2.2267268956208945
4,0,0,True,25,0.49321155423280477,0.6805668686507899,1.2406848725818451,0.0,0,0.0,1.1737784228835946,False,0,0.0,1.1737784228835946,1.2406848725818451,0.0,0.06690644969825055,1.2406848725818451,2.2267268956208945,2.2279675804934764
4,0,0,True,26,0.49321155423280477,0.6805668686507899,1.2406848725818451,0.0,0,0.0,1.1737784228835946,False,0,0.0,1.1737784228835946,1.2406848725818451,0.0,0.06690644969825055,1.2406848725818451,2.2279675804934764,2.229208265366058
4,0,0,True,27,0.49321155423280477,0.6805668686507899,1.2406848725818451,0.0,0,0.0,1.1737784228835946,False,0,0.0,1.1737784228835946,1.2406848725818451,0.0,0.06690644969825055,1.2406848725818451,2.229208265366058,2.2304489502386398
4,0,0,True,28,0.49321155423280477,0.6805668686507899,1.2406848725818451,0.0,0,0.0,1.1737784228835946,False,0,0.0,1.1737784228835946,1.2406848725818451,0.0,0.06690644969825055,1.2406848725818451,2.2304489502386398,2.2316896351112216
4,0,0,True,29,0.49321155423280477,0.6805668686507899,1.2406848725818451,0.0,0,0.0,1.1737784228835946,False,0,0.0,1.1737784228835946,1.2406848725818451,0.0,0.06690644969825055,1.2406848725818451,2.2316896351112216,2.2329303199838035
4,0,0,True,30,0.49321155423280477,0.6805668686507899,1.2406848725818451,0.0,0,0.0,1.1737784228835946,False,0,0.0,1.1737784228835946,1.2406848725818451,0.0,0.06690644969825055,1.2406848725818451,2.2329303199838035,2.2341710048563854
4,0,0,True,31,0.49321155423280477,0.6805668686507899,1.2406848725818451,0.0,0,0.0,1.1737784228835946,False,0,0.0,1.1737784228835946,1.2406848725818451,0.0,0.06690644969825055,1.2406848725818451,2.2341710048563854,2.2354116897289673
5,0,0,True,0,0.532462220899472,0.6805668686507899,1.2412903800843254,0.0,0,0.0,0.0,False,0,0.0,1.213029089550262,1.2412903800843254,0.0,1.2412903800843254,2.454319469634587,2.195933645806348,2.1983879652759826
5,0,0,True,1,0.532462220899472,0.6805668686507899,1.2412903800843254,0.0,0,0.0,1.213029089550262,False,0,0.0,1.213029089550262,1.2412903800843254,0.0,0.028261290534063344,1.2412903800843254,2.1983879652759826,2.199629255656067
5,0,0,True,2,0.532462220899472,0.6805668686507899,1.2412903800843254,0.0,0,0.0,1.213029089550262,False,0,0.0,1.213029089550262,1.2412903800843254,0.0,0.028261290534063344,1.2412903800843254,2.199629255656067,2.2008705460361515
5,0,0,True,3,0.532462220899472,0.6805668686507899,1.2412903800843254,0.0,0,0.0,1.213029089550262,False,0,0.0,1.213029089550262,1.2412903800843254,0.0,0.028261290534063344,1.2412903800843254,2.2008705460361515,2.2021118364162358
5,0,0,True,4,0.532462220899472,0.6805668686507899,1.2412903800843254,0.0,0,0.0,1.213029089550262,False,0,0.0,1.213029089550262,1.2412903800843254,0.0,0.028261290534063344,1.2412903800843254,2.2021118364162358,2.20335312679632
5,0,0,True,5,0.532462220899472,0.6805668686507899,1.2412903800843254,0.0,0,0.0,1.213029089550262,False,0,0.0,1.213029089550262,1.2412903800843254,0.0,0.028261290534063344,1.2412903800843254,2.20335312679632,2.2045944171764043
5,0,0,True,6,0.532462220899472,0.6805668686507899,1.2412903800843254,0.0,0,0.0,1.213029089550262,False,0,0.0,1.213029089550262,1.2412903800843254,0.0,0.028261290534063344,1.2412903800843254,2.2045944171764043,2.2058357075564885
5,0,0,True,7,0.532462220899472,0.6805668686507899,1.2412903800843254,0.0,0,0.0,1.213029089550262,False,0,0.0,1.213029089550262,1.2412903800843254,0.0,0.028261290534063344,1.2412903800843254,2.2058357075564885,2.2070769979365727
5,0,0,True,8,0.532462220899472,0.6805668686507899,1.2412903800843254,0.0,0,0.0,1.213029089550262,False,0,0.0,1.213029089550262,1.2412903800843254,0.0,0.028261290534063344,1.2412903800843254,2.2070769979365727,2.2083182883166574
5,0,0,True,9,0.532462220899472,0.6805668686507899,1.2412903800843254,0.0,0,0.0,1.213029089550262,False,0,0.0,1.213029089550262,1.2412903800843254,0.0,0.028261290534063344,1.2412903800843254,2.2083182883166574,2.2095595786967417
5,0,0,True,10,0.532462220899472,0.6805668686507899,1.2412903800843254,0.0,0,0.0,1.213029089550262,False,0,0.0,1.213029089550262,1.2412903800843254,0.0,0.028261290534063344,1.2412903800843254,2.2095595786967417,2.210800869076826
5,0,0,True,11,0.532462220899472,0.6805668686507899,1.2412903800843254,0.0,0,0.0,1.213029089550262,False,0,0.0,1.213029089550262,1.2412903800843254,0.0,0.028261290534063344,1.2412903800843254,2.210800869076826,2.21204215945691
5,0,0,True,12,0.532462220899472,0.6805668686507899,1.2412903800843254,0.0,0,0.0,1.213029089550262,False,0,0.0,1.213029089550262,1.2412903800843254,0.0,0.028261290534063344,1.2412903800843254,2.21204215945691,2.2132834498369944
5,0,0,True,13,0.532462220899472,0.6805668686507899,1.2412903800843254,0.0,0,0.0,1.213029089550262,False,0,0.0,1.213029089550262,1.2412903800843254,0.0,0.028261290534063344,1.2412903800843254,2.2132834498369944,2.214524740217079
5,0,0,True,14,0.532462220899472,0.6805668686507899,1.2412903800843254,0.0,0,0.0,1.213029089550262,False,0,0.0,1.213029089550262,1.2412903800843254,0.0,0.028261290534063344,1.2412903800843254,2.214524740217079,2.2157660305971634
5,0,0,True,15,0.532462220899472,0.6805668686507899,1.2412903800843254,0.0,0,0.0,1.213029089550262,False,0,0.0,1.213029089550262,1.2412903800843254,0.0,0.028261290534063344,1.2412903800843254,2.2157660305971634,2.2170073209772476
5,0,0,True,16,0.532462220899472,0.6805668686507899,1.2412903800843254,0.0,0,0.0,1.213029089550262,False,0,0.0,1.213029089550262,1.2412903800843254,0.0,0.028261290534063344,1.2412903800843254,2.2170073209772476,2.218248611357332
5,0,0,True,17,0.532462220899472,0.6805668686507899,1.2412903800843254,0.0,0,0.0,1.213029089550262,False,0,0.0,1.213029089550262,1.2412903800843254,0.0,0.028261290534063344,1.2412903800843254,2.218248611357332,2.219489901737416
5,0,0,True,18,0.532462220899472,0.6805668686507899,1.2412903800843254,0.0,0,0.0,1.213029089550262,False,0,0.0,1.213029089550262,1.2412903800843254,0.0,0.028261290534063344,1.2412903800843254,2.219489901737416,2.2207311921175004
5,0,0,True,19,0.532462220899472,0.6805668686507899,1.2412903800843254,0.0,0,0.0,1.213029089550262,False,0,0.0,1.213029089550262,1.2412903800843254,0.0,0.028261290534063344,1.2412903800843254,2.2207311921175004,2.221972482497585
5,0,0,True,20,0.532462220899472,0.6805668686507899,1.2412903800843254,0.0,0,0.0,1.213029089550262,False,0,0.0,1.213029089550262,1.2412903800843254,0.0,0.028261290534063344,1.2412903800843254,2.221972482497585,2.2232137728776693
5,0,0,True,21,0.532462220899472,0.6805668686507899,1.2412903800843254,0.0,0,0.0,1.213029089550262,False,0,0.0,1.213029089550262,1.2412903800843254,0.0,0.028261290534063344,1.2412903800843254,2.2232137728776693,2.2244550632577536
5,0,0,True,22,0.532462220899472,0.6805668686507899,1.2412903800843254,0.0,0,0.0,1.213029089550262,False,0,0.0,1.213029089550262,1.2412903800843254,0.0,0.028261290534063344,1.2412903800843254,2.2244550632577536,2.225696353637838
5,0,0,True,23,0.532462220899472,0.6805668686507899,1.2412903800843254,0.0,0,0.0,1.213029089550262,False,0,0.0,1.213029089550262,1.2412903800843254,0.0,0.028261290534063344,1.2412903800843254,2.225696353637838,2.226937644017922
5,0,0,True,24,0.532462220899472,0.6805668686507899,1.2412903800843254,0.0,0,0.0,1.213029089550262,False,0,0.0,1.213029089550262,1.2412903800843254,0.0,0.028261290534063344,1.2412903800843254,2.226937644017922,2.2281789343980063
5,0,0,True,25,0.532462220899472,0.6805668686507899,1.2412903800843254,0.0,0,0.0,1.213029089550262,False,0,0.0,1.213029089550262,1.2412903800843254,0.0,0.028261290534063344,1.2412903800843254,2.2281789343980063,2.229420224778091
5,0,0,True,26,0.532462220899472,0.6805668686507899,1.2412903800843254,0.0,0,0.0,1.213029089550262,False,0,0.0,1.213029089550262,1.2412903800843254,0.0,0.028261290534063344,1.2412903800843254,2.229420224778091,2.2306615151581752
5,0,0,True,27,0.532462220899472,0.6805668686507899,1.2412903800843254,0.0,0,0.0,1.213029089550262,False,0,0.0,1.213029089550262,1.2412903800843254,0.0,0.028261290534063344,1.2412903800843254,2.2306615151581752,2.2319028055382595
5,0,0,True,28,0.532462220899472,0.6805668686507899,1.2412903800843254,0.0,0,0.0,1.213029089550262,False,0,0.0,1.213029089550262,1.2412903800843254,0.0,0.028261290534063344,1.2412903800843254,2.2319028055382595,2.2331440959183437
5,0,0,True,29,0.532462220899472,0.6805668686507899,1.2412903800843254,0.0,0,0.0,1.213029089550262,False,0,0.0,1.213029089550262,1.2412903800843254,0.0,0.028261290534063344,1.2412903800843254,2.2331440959183437,2.234385386298428
5,0,0,True,30,0.532462220899472,0.6805668686507899,1.2412903800843254,0.0,0,0.0,1.213029089550262,False,0,0.0,1.213029089550262,1.2412903800843254,0.0,0.028261290534063344,1.2412903800843254,2.234385386298428,2.2356266766785122
5,0,0,True,31,0.532462220899472,0.6805668686507899,1.2412903800843254,0.0,0,0.0,1.213029089550262,False,0,0.0,1.213029089550262,1.2412903800843254,0.0,0.028261290534063344,1.2412903800843254,2.2356266766785122,2.236867967058597
6,0,0,True,0,0.5654824304232822,0.6805668686507899,1.2418958875868056,0.0,0,0.0,0.0,False,0,0.0,1.246049299074072,1.2418958875868056,0.0,1.2418958875868056,2.4879451866608777,2.197370546895898,2.199858492082559
6,0,0,True,1,0.5654824304232822,0.6805668686507899,1.2418958875868056,0.0,0,0.0,1.2418958875868056,False,0,0.0,1.246049299074072,1.2418958875868056,0.0,0.0,1.246049299074072,2.199858492082559,2.2011045413816333
6,0,0,True,2,0.5654824304232822,0.6805668686507899,1.2418958875868056,0.0,0,0.0,1.2418958875868056,False,0,0.0,1.246049299074072,1.2418958875868056,0.0,0.0,1.246049299074072,2.2011045413816333,2.202350590680707
6,0,0,True,3,0.5654824304232822,0.6805668686507899,1.2418958875868056,0.0,0,0.0,1.2418958875868056,False,0,0.0,1.246049299074072,1.2418958875868056,0.0,0.0,1.246049299074072,2.202350590680707,2.2035966399797813
6,0,0,True,4,0.5654824304232822,0.6805668686507899,1.2418958875868056,0.0,0,0.0,1.2418958875868056,False,0,0.0,1.246049299074072,1.2418958875868056,0.0,0.0,1.246049299074072,2.2035966399797813,2.2048426892788555
6,0,0,True,5,0.5654824304232822,0.6805668686507899,1.2418958875868056,0.0,0,0.0,1.2418958875868056,False,0,0.0,1.246049299074072,1.2418958875868056,0.0,0.0,1.246049299074072,2.2048426892788555,2.2060887385779293
6,0,0,True,6,0.5654824304232822,0.6805668686507899,1.2418958875868056,0.0,0,0.0,1.2418958875868056,False,0,0.0,1.246049299074072,1.2418958875868056,0.0,0.0,1.246049299074072,2.2060887385779293,2.2073347878770035
6,0,0,True,7,0.5654824304232822,0.6805668686507899,1.2418958875868056,0.0,0,0.0,1.2418958875868056,False,0,0.0,1.246049299074072,1.2418958875868056,0.0,0.0,1.246049299074072,2.2073347878770035,2.2085808371760773
