batch_id,replica_id,stage_id,enable_prefetch,layer_index,attention_compute_time,mlp_compute_time,kv_cache_load_time,weight_load_time,tensor_parallel_comm_time,expert_parallel_comm_time,prefetch_overlap_savings,is_moe_layer,num_active_experts,routing_time,compute_time,io_time,comm_time,effective_io_time,total_time,compute_start,compute_end,io_start,io_end,comm_start,comm_end,start_time,end_time
0,0,0,True,0,0.46223555423280493,0.6805668686507899,0.0,0.0,0,0.0,0.0,False,0,0.0,1.142802422883595,0.0,0.0,0.0,1.142802422883595,0.0,1.142802422883595,0.0,0.0,1.142802422883595,1.142802422883595,2.040120574549602,2.0412633769724855
0,0,0,True,1,0.46223555423280493,0.6805668686507899,0.0,0.0,0,0.0,0.0,False,0,0.0,1.142802422883595,0.0,0.0,0.0,1.142802422883595,0.0,1.142802422883595,0.0,0.0,1.142802422883595,1.142802422883595,2.0412633769724855,2.0424061793953694
0,0,0,True,2,0.46223555423280493,0.6805668686507899,0.0,0.0,0,0.0,0.0,False,0,0.0,1.142802422883595,0.0,0.0,0.0,1.142802422883595,0.0,1.142802422883595,0.0,0.0,1.142802422883595,1.142802422883595,2.0424061793953694,2.043548981818253
0,0,0,True,3,0.46223555423280493,0.6805668686507899,0.0,0.0,0,0.0,0.0,False,0,0.0,1.142802422883595,0.0,0.0,0.0,1.142802422883595,0.0,1.142802422883595,0.0,0.0,1.142802422883595,1.142802422883595,2.043548981818253,2.0446917842411363
0,0,0,True,4,0.46223555423280493,0.6805668686507899,0.0,0.0,0,0.0,0.0,False,0,0.0,1.142802422883595,0.0,0.0,0.0,1.1428024228835945,0.0,1.1428024228835945,0.0,0.0,1.1428024228835945,1.1428024228835945,2.0446917842411363,2.04583458666402
0,0,0,True,5,0.46223555423280493,0.6805668686507899,0.0,0.0,0,0.0,0.0,False,0,0.0,1.142802422883595,0.0,0.0,0.0,1.1428024228835945,0.0,1.1428024228835945,0.0,0.0,1.1428024228835945,1.1428024228835945,2.04583458666402,2.0469773890869036
0,0,0,True,6,0.46223555423280493,0.6805668686507899,0.0,0.0,0,0.0,0.0,False,0,0.0,1.142802422883595,0.0,0.0,0.0,1.1428024228835945,0.0,1.1428024228835945,0.0,0.0,1.1428024228835945,1.1428024228835945,2.0469773890869036,2.048120191509787
0,0,0,True,7,0.46223555423280493,0.6805668686507899,0.0,0.0,0,0.0,0.0,False,0,0.0,1.142802422883595,0.0,0.0,0.0,1.1428024228835945,0.0,1.1428024228835945,0.0,0.0,1.1428024228835945,1.1428024228835945,2.048120191509787,2.049262993932671
0,0,0,True,8,0.46223555423280493,0.6805668686507899,0.0,0.0,0,0.0,0.0,False,0,0.0,1.142802422883595,0.0,0.0,0.0,1.1428024228835945,0.0,1.1428024228835945,0.0,0.0,1.1428024228835945,1.1428024228835945,2.049262993932671,2.0504057963555544
0,0,0,True,9,0.46223555423280493,0.6805668686507899,0.0,0.0,0,0.0,0.0,False,0,0.0,1.142802422883595,0.0,0.0,0.0,1.1428024228835945,0.0,1.1428024228835945,0.0,0.0,1.1428024228835945,1.1428024228835945,2.0504057963555544,2.051548598778438
0,0,0,True,10,0.46223555423280493,0.6805668686507899,0.0,0.0,0,0.0,0.0,False,0,0.0,1.142802422883595,0.0,0.0,0.0,1.1428024228835945,0.0,1.1428024228835945,0.0,0.0,1.1428024228835945,1.1428024228835945,2.051548598778438,2.0526914012013218
0,0,0,True,11,0.46223555423280493,0.6805668686507899,0.0,0.0,0,0.0,0.0,False,0,0.0,1.142802422883595,0.0,0.0,0.0,1.1428024228835945,0.0,1.1428024228835945,0.0,0.0,1.1428024228835945,1.1428024228835945,2.0526914012013218,2.053834203624205
0,0,0,True,12,0.46223555423280493,0.6805668686507899,0.0,0.0,0,0.0,0.0,False,0,0.0,1.142802422883595,0.0,0.0,0.0,1.1428024228835945,0.0,1.1428024228835945,0.0,0.0,1.1428024228835945,1.1428024228835945,2.053834203624205,2.0549770060470887
0,0,0,True,13,0.46223555423280493,0.6805668686507899,0.0,0.0,0,0.0,0.0,False,0,0.0,1.142802422883595,0.0,0.0,0.0,1.1428024228835945,0.0,1.1428024228835945,0.0,0.0,1.1428024228835945,1.1428024228835945,2.0549770060470887,2.0561198084699726
0,0,0,True,14,0.46223555423280493,0.6805668686507899,0.0,0.0,0,0.0,0.0,False,0,0.0,1.142802422883595,0.0,0.0,0.0,1.1428024228835962,0.0,1.1428024228835962,0.0,0.0,1.1428024228835962,1.1428024228835962,2.0561198084699726,2.057262610892856
0,0,0,True,15,0.46223555423280493,0.6805668686507899,0.0,0.0,0,0.0,0.0,False,0,0.0,1.142802422883595,0.0,0.0,0.0,1.1428024228835945,0.0,1.1428024228835945,0.0,0.0,1.1428024228835945,1.1428024228835945,2.057262610892856,2.0584054133157395
0,0,0,True,16,0.46223555423280493,0.6805668686507899,0.0,0.0,0,0.0,0.0,False,0,0.0,1.142802422883595,0.0,0.0,0.0,1.1428024228835945,0.0,1.1428024228835945,0.0,0.0,1.1428024228835945,1.1428024228835945,2.0584054133157395,2.0595482157386233
0,0,0,True,17,0.46223555423280493,0.6805668686507899,0.0,0.0,0,0.0,0.0,False,0,0.0,1.142802422883595,0.0,0.0,0.0,1.1428024228835945,0.0,1.1428024228835945,0.0,0.0,1.1428024228835945,1.1428024228835945,2.0595482157386233,2.060691018161507
0,0,0,True,18,0.46223555423280493,0.6805668686507899,0.0,0.0,0,0.0,0.0,False,0,0.0,1.142802422883595,0.0,0.0,0.0,1.1428024228835945,0.0,1.1428024228835945,0.0,0.0,1.1428024228835945,1.1428024228835945,2.060691018161507,2.0618338205843902
0,0,0,True,19,0.46223555423280493,0.6805668686507899,0.0,0.0,0,0.0,0.0,False,0,0.0,1.142802422883595,0.0,0.0,0.0,1.1428024228835945,0.0,1.1428024228835945,0.0,0.0,1.1428024228835945,1.1428024228835945,2.0618338205843902,2.062976623007274
0,0,0,True,20,0.46223555423280493,0.6805668686507899,0.0,0.0,0,0.0,0.0,False,0,0.0,1.142802422883595,0.0,0.0,0.0,1.1428024228835945,0.0,1.1428024228835945,0.0,0.0,1.1428024228835945,1.1428024228835945,2.062976623007274,2.0641194254301576
0,0,0,True,21,0.46223555423280493,0.6805668686507899,0.0,0.0,0,0.0,0.0,False,0,0.0,1.142802422883595,0.0,0.0,0.0,1.1428024228835945,0.0,1.1428024228835945,0.0,0.0,1.1428024228835945,1.1428024228835945,2.0641194254301576,2.065262227853041
0,0,0,True,22,0.46223555423280493,0.6805668686507899,0.0,0.0,0,0.0,0.0,False,0,0.0,1.142802422883595,0.0,0.0,0.0,1.1428024228835945,0.0,1.1428024228835945,0.0,0.0,1.1428024228835945,1.1428024228835945,2.065262227853041,2.066405030275925
0,0,0,True,23,0.46223555423280493,0.6805668686507899,0.0,0.0,0,0.0,0.0,False,0,0.0,1.142802422883595,0.0,0.0,0.0,1.1428024228835945,0.0,1.1428024228835945,0.0,0.0,1.1428024228835945,1.1428024228835945,2.066405030275925,2.0675478326988084
0,0,0,True,24,0.46223555423280493,0.6805668686507899,0.0,0.0,0,0.0,0.0,False,0,0.0,1.142802422883595,0.0,0.0,0.0,1.1428024228835945,0.0,1.1428024228835945,0.0,0.0,1.1428024228835945,1.1428024228835945,2.0675478326988084,2.068690635121692
0,0,0,True,25,0.46223555423280493,0.6805668686507899,0.0,0.0,0,0.0,0.0,False,0,0.0,1.142802422883595,0.0,0.0,0.0,1.1428024228835945,0.0,1.1428024228835945,0.0,0.0,1.1428024228835945,1.1428024228835945,2.068690635121692,2.0698334375445757
0,0,0,True,26,0.46223555423280493,0.6805668686507899,0.0,0.0,0,0.0,0.0,False,0,0.0,1.142802422883595,0.0,0.0,0.0,1.1428024228835945,0.0,1.1428024228835945,0.0,0.0,1.1428024228835945,1.1428024228835945,2.0698334375445757,2.070976239967459
0,0,0,True,27,0.46223555423280493,0.6805668686507899,0.0,0.0,0,0.0,0.0,False,0,0.0,1.142802422883595,0.0,0.0,0.0,1.1428024228835945,0.0,1.1428024228835945,0.0,0.0,1.1428024228835945,1.1428024228835945,2.070976239967459,2.0721190423903426
0,0,0,True,28,0.46223555423280493,0.6805668686507899,0.0,0.0,0,0.0,0.0,False,0,0.0,1.142802422883595,0.0,0.0,0.0,1.1428024228835945,0.0,1.1428024228835945,0.0,0.0,1.1428024228835945,1.1428024228835945,2.0721190423903426,2.0732618448132265
0,0,0,True,29,0.46223555423280493,0.6805668686507899,0.0,0.0,0,0.0,0.0,False,0,0.0,1.142802422883595,0.0,0.0,0.0,1.142802422883598,0.0,1.142802422883598,0.0,0.0,1.142802422883598,1.142802422883598,2.0732618448132265,2.07440464723611
0,0,0,True,30,0.46223555423280493,0.6805668686507899,0.0,0.0,0,0.0,0.0,False,0,0.0,1.142802422883595,0.0,0.0,0.0,1.142802422883598,0.0,1.142802422883598,0.0,0.0,1.142802422883598,1.142802422883598,2.07440464723611,2.0755474496589934
0,0,0,True,31,0.46223555423280493,0.6805668686507899,0.0,0.0,0,0.0,0.0,False,0,0.0,1.142802422883595,0.0,0.0,0.0,1.142802422883598,0.0,1.142802422883598,0.0,0.0,1.142802422883598,1.142802422883598,2.0755474496589934,2.0766902520818773
1,0,0,True,0,0.5014862208994721,0.6805668686507899,0.0,0.0,0,0.0,0.0,False,0,0.0,1.1820530895502621,0.0,0.0,0.0,1.1820530895502621,0.0,1.1820530895502621,0.0,0.0,1.1820530895502621,1.1820530895502621,2.076914124081877,2.0780961771714273
1,0,0,True,1,0.5014862208994721,0.6805668686507899,0.0,0.0,0,0.0,0.0,False,0,0.0,1.1820530895502621,0.0,0.0,0.0,1.1820530895502621,0.0,1.1820530895502621,0.0,0.0,1.1820530895502621,1.1820530895502621,2.0780961771714273,2.079278230260978
1,0,0,True,2,0.5014862208994721,0.6805668686507899,0.0,0.0,0,0.0,0.0,False,0,0.0,1.1820530895502621,0.0,0.0,0.0,1.1820530895502621,0.0,1.1820530895502621,0.0,0.0,1.1820530895502621,1.1820530895502621,2.079278230260978,2.080460283350528
1,0,0,True,3,0.5014862208994721,0.6805668686507899,0.0,0.0,0,0.0,0.0,False,0,0.0,1.1820530895502621,0.0,0.0,0.0,1.1820530895502621,0.0,1.1820530895502621,0.0,0.0,1.1820530895502621,1.1820530895502621,2.080460283350528,2.081642336440078
1,0,0,True,4,0.5014862208994721,0.6805668686507899,0.0,0.0,0,0.0,0.0,False,0,0.0,1.1820530895502621,0.0,0.0,0.0,1.1820530895502621,0.0,1.1820530895502621,0.0,0.0,1.1820530895502621,1.1820530895502621,2.081642336440078,2.0828243895296286
1,0,0,True,5,0.5014862208994721,0.6805668686507899,0.0,0.0,0,0.0,0.0,False,0,0.0,1.1820530895502621,0.0,0.0,0.0,1.1820530895502621,0.0,1.1820530895502621,0.0,0.0,1.1820530895502621,1.1820530895502621,2.0828243895296286,2.0840064426191787
1,0,0,True,6,0.5014862208994721,0.6805668686507899,0.0,0.0,0,0.0,0.0,False,0,0.0,1.1820530895502621,0.0,0.0,0.0,1.1820530895502621,0.0,1.1820530895502621,0.0,0.0,1.1820530895502621,1.1820530895502621,2.0840064426191787,2.0851884957087288
1,0,0,True,7,0.5014862208994721,0.6805668686507899,0.0,0.0,0,0.0,0.0,False,0,0.0,1.1820530895502621,0.0,0.0,0.0,1.1820530895502621,0.0,1.1820530895502621,0.0,0.0,1.1820530895502621,1.1820530895502621,2.0851884957087288,2.0863705487982793
1,0,0,True,8,0.5014862208994721,0.6805668686507899,0.0,0.0,0,0.0,0.0,False,0,0.0,1.1820530895502621,0.0,0.0,0.0,1.1820530895502621,0.0,1.1820530895502621,0.0,0.0,1.1820530895502621,1.1820530895502621,2.0863705487982793,2.0875526018878294
1,0,0,True,9,0.5014862208994721,0.6805668686507899,0.0,0.0,0,0.0,0.0,False,0,0.0,1.1820530895502621,0.0,0.0,0.0,1.1820530895502621,0.0,1.1820530895502621,0.0,0.0,1.1820530895502621,1.1820530895502621,2.0875526018878294,2.08873465497738
1,0,0,True,10,0.5014862208994721,0.6805668686507899,0.0,0.0,0,0.0,0.0,False,0,0.0,1.1820530895502621,0.0,0.0,0.0,1.1820530895502621,0.0,1.1820530895502621,0.0,0.0,1.1820530895502621,1.1820530895502621,2.08873465497738,2.08991670806693
1,0,0,True,11,0.5014862208994721,0.6805668686507899,0.0,0.0,0,0.0,0.0,False,0,0.0,1.1820530895502621,0.0,0.0,0.0,1.1820530895502621,0.0,1.1820530895502621,0.0,0.0,1.1820530895502621,1.1820530895502621,2.08991670806693,2.09109876115648
1,0,0,True,12,0.5014862208994721,0.6805668686507899,0.0,0.0,0,0.0,0.0,False,0,0.0,1.1820530895502621,0.0,0.0,0.0,1.1820530895502621,0.0,1.1820530895502621,0.0,0.0,1.1820530895502621,1.1820530895502621,2.09109876115648,2.0922808142460307
1,0,0,True,13,0.5014862208994721,0.6805668686507899,0.0,0.0,0,0.0,0.0,False,0,0.0,1.1820530895502621,0.0,0.0,0.0,1.1820530895502621,0.0,1.1820530895502621,0.0,0.0,1.1820530895502621,1.1820530895502621,2.0922808142460307,2.093462867335581
1,0,0,True,14,0.5014862208994721,0.6805668686507899,0.0,0.0,0,0.0,0.0,False,0,0.0,1.1820530895502621,0.0,0.0,0.0,1.1820530895502621,0.0,1.1820530895502621,0.0,0.0,1.1820530895502621,1.1820530895502621,2.093462867335581,2.094644920425131
1,0,0,True,15,0.5014862208994721,0.6805668686507899,0.0,0.0,0,0.0,0.0,False,0,0.0,1.1820530895502621,0.0,0.0,0.0,1.1820530895502621,0.0,1.1820530895502621,0.0,0.0,1.1820530895502621,1.1820530895502621,2.094644920425131,2.0958269735146815
1,0,0,True,16,0.5014862208994721,0.6805668686507899,0.0,0.0,0,0.0,0.0,False,0,0.0,1.1820530895502621,0.0,0.0,0.0,1.1820530895502621,0.0,1.1820530895502621,0.0,0.0,1.1820530895502621,1.1820530895502621,2.0958269735146815,2.0970090266042316
1,0,0,True,17,0.5014862208994721,0.6805668686507899,0.0,0.0,0,0.0,0.0,False,0,0.0,1.1820530895502621,0.0,0.0,0.0,1.1820530895502621,0.0,1.1820530895502621,0.0,0.0,1.1820530895502621,1.1820530895502621,2.0970090266042316,2.0981910796937817
1,0,0,True,18,0.5014862208994721,0.6805668686507899,0.0,0.0,0,0.0,0.0,False,0,0.0,1.1820530895502621,0.0,0.0,0.0,1.1820530895502621,0.0,1.1820530895502621,0.0,0.0,1.1820530895502621,1.1820530895502621,2.0981910796937817,2.0993731327833323
1,0,0,True,19,0.5014862208994721,0.6805668686507899,0.0,0.0,0,0.0,0.0,False,0,0.0,1.1820530895502621,0.0,0.0,0.0,1.1820530895502621,0.0,1.1820530895502621,0.0,0.0,1.1820530895502621,1.1820530895502621,2.0993731327833323,2.1005551858728824
1,0,0,True,20,0.5014862208994721,0.6805668686507899,0.0,0.0,0,0.0,0.0,False,0,0.0,1.1820530895502621,0.0,0.0,0.0,1.1820530895502621,0.0,1.1820530895502621,0.0,0.0,1.1820530895502621,1.1820530895502621,2.1005551858728824,2.1017372389624325
1,0,0,True,21,0.5014862208994721,0.6805668686507899,0.0,0.0,0,0.0,0.0,False,0,0.0,1.1820530895502621,0.0,0.0,0.0,1.1820530895502621,0.0,1.1820530895502621,0.0,0.0,1.1820530895502621,1.1820530895502621,2.1017372389624325,2.102919292051983
1,0,0,True,22,0.5014862208994721,0.6805668686507899,0.0,0.0,0,0.0,0.0,False,0,0.0,1.1820530895502621,0.0,0.0,0.0,1.1820530895502621,0.0,1.1820530895502621,0.0,0.0,1.1820530895502621,1.1820530895502621,2.102919292051983,2.104101345141533
1,0,0,True,23,0.5014862208994721,0.6805668686507899,0.0,0.0,0,0.0,0.0,False,0,0.0,1.1820530895502621,0.0,0.0,0.0,1.1820530895502621,0.0,1.1820530895502621,0.0,0.0,1.1820530895502621,1.1820530895502621,2.104101345141533,2.1052833982310832
1,0,0,True,24,0.5014862208994721,0.6805668686507899,0.0,0.0,0,0.0,0.0,False,0,0.0,1.1820530895502621,0.0,0.0,0.0,1.1820530895502621,0.0,1.1820530895502621,0.0,0.0,1.1820530895502621,1.1820530895502621,2.1052833982310832,2.106465451320634
1,0,0,True,25,0.5014862208994721,0.6805668686507899,0.0,0.0,0,0.0,0.0,False,0,0.0,1.1820530895502621,0.0,0.0,0.0,1.1820530895502621,0.0,1.1820530895502621,0.0,0.0,1.1820530895502621,1.1820530895502621,2.106465451320634,2.107647504410184
1,0,0,True,26,0.5014862208994721,0.6805668686507899,0.0,0.0,0,0.0,0.0,False,0,0.0,1.1820530895502621,0.0,0.0,0.0,1.1820530895502621,0.0,1.1820530895502621,0.0,0.0,1.1820530895502621,1.1820530895502621,2.107647504410184,2.1088295574997344
1,0,0,True,27,0.5014862208994721,0.6805668686507899,0.0,0.0,0,0.0,0.0,False,0,0.0,1.1820530895502621,0.0,0.0,0.0,1.1820530895502621,0.0,1.1820530895502621,0.0,0.0,1.1820530895502621,1.1820530895502621,2.1088295574997344,2.1100116105892845
1,0,0,True,28,0.5014862208994721,0.6805668686507899,0.0,0.0,0,0.0,0.0,False,0,0.0,1.1820530895502621,0.0,0.0,0.0,1.1820530895502657,0.0,1.1820530895502657,0.0,0.0,1.1820530895502657,1.1820530895502657,2.1100116105892845,2.1111936636788347
1,0,0,True,29,0.5014862208994721,0.6805668686507899,0.0,0.0,0,0.0,0.0,False,0,0.0,1.1820530895502621,0.0,0.0,0.0,1.1820530895502657,0.0,1.1820530895502657,0.0,0.0,1.1820530895502657,1.1820530895502657,2.1111936636788347,2.112375716768385
1,0,0,True,30,0.5014862208994721,0.6805668686507899,0.0,0.0,0,0.0,0.0,False,0,0.0,1.1820530895502621,0.0,0.0,0.0,1.1820530895502657,0.0,1.1820530895502657,0.0,0.0,1.1820530895502657,1.1820530895502657,2.112375716768385,2.1135577698579353
1,0,0,True,31,0.5014862208994721,0.6805668686507899,0.0,0.0,0,0.0,0.0,False,0,0.0,1.1820530895502621,0.0,0.0,0.0,1.1820530895502657,0.0,1.1820530895502657,0.0,0.0,1.1820530895502657,1.1820530895502657,2.1135577698579353,2.1147398229474854
2,0,0,True,0,0.5345064304232823,0.6805668686507899,0.0,0.0,0,0.0,0.0,False,0,0.0,1.215073299074072,0.0,0.0,0.0,1.215073299074072,0.0,1.215073299074072,0.0,0.0,1.215073299074072,1.215073299074072,2.1149636949474857,2.11617876824656
2,0,0,True,1,0.5345064304232823,0.6805668686507899,0.0,0.0,0,0.0,0.0,False,0,0.0,1.215073299074072,0.0,0.0,0.0,1.215073299074072,0.0,1.215073299074072,0.0,0.0,1.215073299074072,1.215073299074072,2.11617876824656,2.117393841545634
2,0,0,True,2,0.5345064304232823,0.6805668686507899,0.0,0.0,0,0.0,0.0,False,0,0.0,1.215073299074072,0.0,0.0,0.0,1.215073299074072,0.0,1.215073299074072,0.0,0.0,1.215073299074072,1.215073299074072,2.117393841545634,2.118608914844708
2,0,0,True,3,0.5345064304232823,0.6805668686507899,0.0,0.0,0,0.0,0.0,False,0,0.0,1.215073299074072,0.0,0.0,0.0,1.215073299074072,0.0,1.215073299074072,0.0,0.0,1.215073299074072,1.215073299074072,2.118608914844708,2.119823988143782
2,0,0,True,4,0.5345064304232823,0.6805668686507899,0.0,0.0,0,0.0,0.0,False,0,0.0,1.215073299074072,0.0,0.0,0.0,1.2150732990740725,0.0,1.2150732990740725,0.0,0.0,1.2150732990740725,1.2150732990740725,2.119823988143782,2.1210390614428563
2,0,0,True,5,0.5345064304232823,0.6805668686507899,0.0,0.0,0,0.0,0.0,False,0,0.0,1.215073299074072,0.0,0.0,0.0,1.2150732990740725,0.0,1.2150732990740725,0.0,0.0,1.2150732990740725,1.2150732990740725,2.1210390614428563,2.12225413474193
2,0,0,True,6,0.5345064304232823,0.6805668686507899,0.0,0.0,0,0.0,0.0,False,0,0.0,1.215073299074072,0.0,0.0,0.0,1.2150732990740725,0.0,1.2150732990740725,0.0,0.0,1.2150732990740725,1.2150732990740725,2.12225413474193,2.123469208041004
2,0,0,True,7,0.5345064304232823,0.6805668686507899,0.0,0.0,0,0.0,0.0,False,0,0.0,1.215073299074072,0.0,0.0,0.0,1.2150732990740725,0.0,1.2150732990740725,0.0,0.0,1.2150732990740725,1.2150732990740725,2.123469208041004,2.124684281340078
2,0,0,True,8,0.5345064304232823,0.6805668686507899,0.0,0.0,0,0.0,0.0,False,0,0.0,1.215073299074072,0.0,0.0,0.0,1.2150732990740725,0.0,1.2150732990740725,0.0,0.0,1.2150732990740725,1.2150732990740725,2.124684281340078,2.1258993546391523
2,0,0,True,9,0.5345064304232823,0.6805668686507899,0.0,0.0,0,0.0,0.0,False,0,0.0,1.215073299074072,0.0,0.0,0.0,1.2150732990740725,0.0,1.2150732990740725,0.0,0.0,1.2150732990740725,1.2150732990740725,2.1258993546391523,2.1271144279382264
2,0,0,True,10,0.5345064304232823,0.6805668686507899,0.0,0.0,0,0.0,0.0,False,0,0.0,1.215073299074072,0.0,0.0,0.0,1.2150732990740725,0.0,1.2150732990740725,0.0,0.0,1.2150732990740725,1.2150732990740725,2.1271144279382264,2.1283295012373005
2,0,0,True,11,0.5345064304232823,0.6805668686507899,0.0,0.0,0,0.0,0.0,False,0,0.0,1.215073299074072,0.0,0.0,0.0,1.2150732990740725,0.0,1.2150732990740725,0.0,0.0,1.2150732990740725,1.2150732990740725,2.1283295012373005,2.1295445745363746
2,0,0,True,12,0.5345064304232823,0.6805668686507899,0.0,0.0,0,0.0,0.0,False,0,0.0,1.215073299074072,0.0,0.0,0.0,1.2150732990740725,0.0,1.2150732990740725,0.0,0.0,1.2150732990740725,1.2150732990740725,2.1295445745363746,2.1307596478354487
2,0,0,True,13,0.5345064304232823,0.6805668686507899,0.0,0.0,0,0.0,0.0,False,0,0.0,1.215073299074072,0.0,0.0,0.0,1.2150732990740707,0.0,1.2150732990740707,0.0,0.0,1.2150732990740707,1.2150732990740707,2.1307596478354487,2.131974721134523
2,0,0,True,14,0.5345064304232823,0.6805668686507899,0.0,0.0,0,0.0,0.0,False,0,0.0,1.215073299074072,0.0,0.0,0.0,1.2150732990740707,0.0,1.2150732990740707,0.0,0.0,1.2150732990740707,1.2150732990740707,2.131974721134523,2.133189794433597
2,0,0,True,15,0.5345064304232823,0.6805668686507899,0.0,0.0,0,0.0,0.0,False,0,0.0,1.215073299074072,0.0,0.0,0.0,1.2150732990740707,0.0,1.2150732990740707,0.0,0.0,1.2150732990740707,1.2150732990740707,2.133189794433597,2.134404867732671
2,0,0,True,16,0.5345064304232823,0.6805668686507899,0.0,0.0,0,0.0,0.0,False,0,0.0,1.215073299074072,0.0,0.0,0.0,1.2150732990740707,0.0,1.2150732990740707,0.0,0.0,1.2150732990740707,1.2150732990740707,2.134404867732671,2.135619941031745
2,0,0,True,17,0.5345064304232823,0.6805668686507899,0.0,0.0,0,0.0,0.0,False,0,0.0,1.215073299074072,0.0,0.0,0.0,1.2150732990740707,0.0,1.2150732990740707,0.0,0.0,1.2150732990740707,1.2150732990740707,2.135619941031745,2.136835014330819
2,0,0,True,18,0.5345064304232823,0.6805668686507899,0.0,0.0,0,0.0,0.0,False,0,0.0,1.215073299074072,0.0,0.0,0.0,1.2150732990740707,0.0,1.2150732990740707,0.0,0.0,1.2150732990740707,1.2150732990740707,2.136835014330819,2.138050087629893
2,0,0,True,19,0.5345064304232823,0.6805668686507899,0.0,0.0,0,0.0,0.0,False,0,0.0,1.215073299074072,0.0,0.0,0.0,1.2150732990740707,0.0,1.2150732990740707,0.0,0.0,1.2150732990740707,1.2150732990740707,2.138050087629893,2.139265160928967
2,0,0,True,20,0.5345064304232823,0.6805668686507899,0.0,0.0,0,0.0,0.0,False,0,0.0,1.215073299074072,0.0,0.0,0.0,1.2150732990740707,0.0,1.2150732990740707,0.0,0.0,1.2150732990740707,1.2150732990740707,2.139265160928967,2.140480234228041
2,0,0,True,21,0.5345064304232823,0.6805668686507899,0.0,0.0,0,0.0,0.0,False,0,0.0,1.215073299074072,0.0,0.0,0.0,1.2150732990740707,0.0,1.2150732990740707,0.0,0.0,1.2150732990740707,1.2150732990740707,2.140480234228041,2.1416953075271152
2,0,0,True,22,0.5345064304232823,0.6805668686507899,0.0,0.0,0,0.0,0.0,False,0,0.0,1.215073299074072,0.0,0.0,0.0,1.2150732990740707,0.0,1.2150732990740707,0.0,0.0,1.2150732990740707,1.2150732990740707,2.1416953075271152,2.1429103808261893
2,0,0,True,23,0.5345064304232823,0.6805668686507899,0.0,0.0,0,0.0,0.0,False,0,0.0,1.215073299074072,0.0,0.0,0.0,1.2150732990740707,0.0,1.2150732990740707,0.0,0.0,1.2150732990740707,1.2150732990740707,2.1429103808261893,2.1441254541252635
2,0,0,True,24,0.5345064304232823,0.6805668686507899,0.0,0.0,0,0.0,0.0,False,0,0.0,1.215073299074072,0.0,0.0,0.0,1.2150732990740707,0.0,1.2150732990740707,0.0,0.0,1.2150732990740707,1.2150732990740707,2.1441254541252635,2.1453405274243376
2,0,0,True,25,0.5345064304232823,0.6805668686507899,0.0,0.0,0,0.0,0.0,False,0,0.0,1.215073299074072,0.0,0.0,0.0,1.2150732990740707,0.0,1.2150732990740707,0.0,0.0,1.2150732990740707,1.2150732990740707,2.1453405274243376,2.1465556007234117
2,0,0,True,26,0.5345064304232823,0.6805668686507899,0.0,0.0,0,0.0,0.0,False,0,0.0,1.215073299074072,0.0,0.0,0.0,1.2150732990740707,0.0,1.2150732990740707,0.0,0.0,1.2150732990740707,1.2150732990740707,2.1465556007234117,2.147770674022486
2,0,0,True,27,0.5345064304232823,0.6805668686507899,0.0,0.0,0,0.0,0.0,False,0,0.0,1.215073299074072,0.0,0.0,0.0,1.2150732990740707,0.0,1.2150732990740707,0.0,0.0,1.2150732990740707,1.2150732990740707,2.147770674022486,2.14898574732156
2,0,0,True,28,0.5345064304232823,0.6805668686507899,0.0,0.0,0,0.0,0.0,False,0,0.0,1.215073299074072,0.0,0.0,0.0,1.2150732990740707,0.0,1.2150732990740707,0.0,0.0,1.2150732990740707,1.2150732990740707,2.14898574732156,2.1502008206206336
2,0,0,True,29,0.5345064304232823,0.6805668686507899,0.0,0.0,0,0.0,0.0,False,0,0.0,1.215073299074072,0.0,0.0,0.0,1.2150732990740707,0.0,1.2150732990740707,0.0,0.0,1.2150732990740707,1.2150732990740707,2.1502008206206336,2.1514158939197077
2,0,0,True,30,0.5345064304232823,0.6805668686507899,0.0,0.0,0,0.0,0.0,False,0,0.0,1.215073299074072,0.0,0.0,0.0,1.2150732990740707,0.0,1.2150732990740707,0.0,0.0,1.2150732990740707,1.2150732990740707,2.1514158939197077,2.1526309672187818
2,0,0,True,31,0.5345064304232823,0.6805668686507899,0.0,0.0,0,0.0,0.0,False,0,0.0,1.215073299074072,0.0,0.0,0.0,1.2150732990740707,0.0,1.2150732990740707,0.0,0.0,1.2150732990740707,1.2150732990740707,2.1526309672187818,2.153846040517856
3,0,0,True,0,0.5770022208994736,0.6805668686507899,0.0,0.0,0,0.0,0.0,False,0,0.0,1.2575690895502634,0.0,0.0,0.0,1.2575690895502634,0.0,1.2575690895502634,0.0,0.0,1.2575690895502634,1.2575690895502634,2.154069912517856,2.1553274816074066
3,0,0,True,1,0.5770022208994736,0.6805668686507899,0.0,0.0,0,0.0,0.0,False,0,0.0,1.2575690895502634,0.0,0.0,0.0,1.2575690895502634,0.0,1.2575690895502634,0.0,0.0,1.2575690895502634,1.2575690895502634,2.1553274816074066,2.1565850506969566
3,0,0,True,2,0.5770022208994736,0.6805668686507899,0.0,0.0,0,0.0,0.0,False,0,0.0,1.2575690895502634,0.0,0.0,0.0,1.2575690895502634,0.0,1.2575690895502634,0.0,0.0,1.2575690895502634,1.2575690895502634,2.1565850506969566,2.157842619786507
3,0,0,True,3,0.5770022208994736,0.6805668686507899,0.0,0.0,0,0.0,0.0,False,0,0.0,1.2575690895502634,0.0,0.0,0.0,1.2575690895502634,0.0,1.2575690895502634,0.0,0.0,1.2575690895502634,1.2575690895502634,2.157842619786507,2.159100188876057
3,0,0,True,4,0.5770022208994736,0.6805668686507899,0.0,0.0,0,0.0,0.0,False,0,0.0,1.2575690895502634,0.0,0.0,0.0,1.2575690895502634,0.0,1.2575690895502634,0.0,0.0,1.2575690895502634,1.2575690895502634,2.159100188876057,2.1603577579656075
3,0,0,True,5,0.5770022208994736,0.6805668686507899,0.0,0.0,0,0.0,0.0,False,0,0.0,1.2575690895502634,0.0,0.0,0.0,1.2575690895502634,0.0,1.2575690895502634,0.0,0.0,1.2575690895502634,1.2575690895502634,2.1603577579656075,2.161615327055158
3,0,0,True,6,0.5770022208994736,0.6805668686507899,0.0,0.0,0,0.0,0.0,False,0,0.0,1.2575690895502634,0.0,0.0,0.0,1.2575690895502643,0.0,1.2575690895502643,0.0,0.0,1.2575690895502643,1.2575690895502643,2.161615327055158,2.162872896144708
3,0,0,True,7,0.5770022208994736,0.6805668686507899,0.0,0.0,0,0.0,0.0,False,0,0.0,1.2575690895502634,0.0,0.0,0.0,1.2575690895502625,0.0,1.2575690895502625,0.0,0.0,1.2575690895502625,1.2575690895502625,2.162872896144708,2.1641304652342583
3,0,0,True,8,0.5770022208994736,0.6805668686507899,0.0,0.0,0,0.0,0.0,False,0,0.0,1.2575690895502634,0.0,0.0,0.0,1.2575690895502625,0.0,1.2575690895502625,0.0,0.0,1.2575690895502625,1.2575690895502625,2.1641304652342583,2.1653880343238083
3,0,0,True,9,0.5770022208994736,0.6805668686507899,0.0,0.0,0,0.0,0.0,False,0,0.0,1.2575690895502634,0.0,0.0,0.0,1.2575690895502625,0.0,1.2575690895502625,0.0,0.0,1.2575690895502625,1.2575690895502625,2.1653880343238083,2.1666456034133588
3,0,0,True,10,0.5770022208994736,0.6805668686507899,0.0,0.0,0,0.0,0.0,False,0,0.0,1.2575690895502634,0.0,0.0,0.0,1.2575690895502625,0.0,1.2575690895502625,0.0,0.0,1.2575690895502625,1.2575690895502625,2.1666456034133588,2.167903172502909
3,0,0,True,11,0.5770022208994736,0.6805668686507899,0.0,0.0,0,0.0,0.0,False,0,0.0,1.2575690895502634,0.0,0.0,0.0,1.2575690895502625,0.0,1.2575690895502625,0.0,0.0,1.2575690895502625,1.2575690895502625,2.167903172502909,2.169160741592459
3,0,0,True,12,0.5770022208994736,0.6805668686507899,0.0,0.0,0,0.0,0.0,False,0,0.0,1.2575690895502634,0.0,0.0,0.0,1.2575690895502625,0.0,1.2575690895502625,0.0,0.0,1.2575690895502625,1.2575690895502625,2.169160741592459,2.1704183106820096
3,0,0,True,13,0.5770022208994736,0.6805668686507899,0.0,0.0,0,0.0,0.0,False,0,0.0,1.2575690895502634,0.0,0.0,0.0,1.2575690895502625,0.0,1.2575690895502625,0.0,0.0,1.2575690895502625,1.2575690895502625,2.1704183106820096,2.17167587977156
3,0,0,True,14,0.5770022208994736,0.6805668686507899,0.0,0.0,0,0.0,0.0,False,0,0.0,1.2575690895502634,0.0,0.0,0.0,1.2575690895502625,0.0,1.2575690895502625,0.0,0.0,1.2575690895502625,1.2575690895502625,2.17167587977156,2.17293344886111
3,0,0,True,15,0.5770022208994736,0.6805668686507899,0.0,0.0,0,0.0,0.0,False,0,0.0,1.2575690895502634,0.0,0.0,0.0,1.2575690895502625,0.0,1.2575690895502625,0.0,0.0,1.2575690895502625,1.2575690895502625,2.17293344886111,2.1741910179506605
3,0,0,True,16,0.5770022208994736,0.6805668686507899,0.0,0.0,0,0.0,0.0,False,0,0.0,1.2575690895502634,0.0,0.0,0.0,1.2575690895502625,0.0,1.2575690895502625,0.0,0.0,1.2575690895502625,1.2575690895502625,2.1741910179506605,2.1754485870402105
3,0,0,True,17,0.5770022208994736,0.6805668686507899,0.0,0.0,0,0.0,0.0,False,0,0.0,1.2575690895502634,0.0,0.0,0.0,1.2575690895502625,0.0,1.2575690895502625,0.0,0.0,1.2575690895502625,1.2575690895502625,2.1754485870402105,2.176706156129761
3,0,0,True,18,0.5770022208994736,0.6805668686507899,0.0,0.0,0,0.0,0.0,False,0,0.0,1.2575690895502634,0.0,0.0,0.0,1.2575690895502625,0.0,1.2575690895502625,0.0,0.0,1.2575690895502625,1.2575690895502625,2.176706156129761,2.1779637252193114
3,0,0,True,19,0.5770022208994736,0.6805668686507899,0.0,0.0,0,0.0,0.0,False,0,0.0,1.2575690895502634,0.0,0.0,0.0,1.2575690895502625,0.0,1.2575690895502625,0.0,0.0,1.2575690895502625,1.2575690895502625,2.1779637252193114,2.1792212943088614
3,0,0,True,20,0.5770022208994736,0.6805668686507899,0.0,0.0,0,0.0,0.0,False,0,0.0,1.2575690895502634,0.0,0.0,0.0,1.2575690895502625,0.0,1.2575690895502625,0.0,0.0,1.2575690895502625,1.2575690895502625,2.1792212943088614,2.180478863398412
3,0,0,True,21,0.5770022208994736,0.6805668686507899,0.0,0.0,0,0.0,0.0,False,0,0.0,1.2575690895502634,0.0,0.0,0.0,1.2575690895502625,0.0,1.2575690895502625,0.0,0.0,1.2575690895502625,1.2575690895502625,2.180478863398412,2.181736432487962
3,0,0,True,22,0.5770022208994736,0.6805668686507899,0.0,0.0,0,0.0,0.0,False,0,0.0,1.2575690895502634,0.0,0.0,0.0,1.2575690895502625,0.0,1.2575690895502625,0.0,0.0,1.2575690895502625,1.2575690895502625,2.181736432487962,2.182994001577512
3,0,0,True,23,0.5770022208994736,0.6805668686507899,0.0,0.0,0,0.0,0.0,False,0,0.0,1.2575690895502634,0.0,0.0,0.0,1.2575690895502625,0.0,1.2575690895502625,0.0,0.0,1.2575690895502625,1.2575690895502625,2.182994001577512,2.1842515706670627
3,0,0,True,24,0.5770022208994736,0.6805668686507899,0.0,0.0,0,0.0,0.0,False,0,0.0,1.2575690895502634,0.0,0.0,0.0,1.2575690895502625,0.0,1.2575690895502625,0.0,0.0,1.2575690895502625,1.2575690895502625,2.1842515706670627,2.1855091397566127
3,0,0,True,25,0.5770022208994736,0.6805668686507899,0.0,0.0,0,0.0,0.0,False,0,0.0,1.2575690895502634,0.0,0.0,0.0,1.2575690895502625,0.0,1.2575690895502625,0.0,0.0,1.2575690895502625,1.2575690895502625,2.1855091397566127,2.186766708846163
3,0,0,True,26,0.5770022208994736,0.6805668686507899,0.0,0.0,0,0.0,0.0,False,0,0.0,1.2575690895502634,0.0,0.0,0.0,1.257569089550266,0.0,1.257569089550266,0.0,0.0,1.257569089550266,1.257569089550266,2.186766708846163,2.188024277935713
3,0,0,True,27,0.5770022208994736,0.6805668686507899,0.0,0.0,0,0.0,0.0,False,0,0.0,1.2575690895502634,0.0,0.0,0.0,1.257569089550266,0.0,1.257569089550266,0.0,0.0,1.257569089550266,1.257569089550266,2.188024277935713,2.1892818470252635
3,0,0,True,28,0.5770022208994736,0.6805668686507899,0.0,0.0,0,0.0,0.0,False,0,0.0,1.2575690895502634,0.0,0.0,0.0,1.257569089550266,0.0,1.257569089550266,0.0,0.0,1.257569089550266,1.257569089550266,2.1892818470252635,2.190539416114814
3,0,0,True,29,0.5770022208994736,0.6805668686507899,0.0,0.0,0,0.0,0.0,False,0,0.0,1.2575690895502634,0.0,0.0,0.0,1.257569089550266,0.0,1.257569089550266,0.0,0.0,1.257569089550266,1.257569089550266,2.190539416114814,2.191796985204364
3,0,0,True,30,0.5770022208994736,0.6805668686507899,0.0,0.0,0,0.0,0.0,False,0,0.0,1.2575690895502634,0.0,0.0,0.0,1.257569089550266,0.0,1.257569089550266,0.0,0.0,1.257569089550266,1.257569089550266,2.191796985204364,2.1930545542939144
3,0,0,True,31,0.5770022208994736,0.6805668686507899,0.0,0.0,0,0.0,0.0,False,0,0.0,1.2575690895502634,0.0,0.0,0.0,1.257569089550266,0.0,1.257569089550266,0.0,0.0,1.257569089550266,1.257569089550266,2.1930545542939144,2.194312123383465
4,0,0,True,0,0.49321155423280477,0.6805668686507899,2.442598342895508,0.0,0,0.0,0.0,False,0,0.0,1.1737784228835946,2.442598342895508,0.0,2.442598342895508,2.442598342895508,0.0,1.1737784228835946,0.0,2.442598342895508,1.1737784228835946,1.1737784228835946,2.1945359953834647,2.19697859372636
4,0,0,True,1,0.49321155423280477,0.6805668686507899,2.442598342895508,0.0,0,0.0,1.1737784228835946,False,0,0.0,1.1737784228835946,2.442598342895508,0.0,1.2688199200119132,2.442598342895508,0.0,1.1737784228835944,0.0,2.442598342895508,1.1737784228835944,1.1737784228835944,2.19697859372636,2.1994211920692557
4,0,0,True,2,0.49321155423280477,0.6805668686507899,2.442598342895508,0.0,0,0.0,1.1737784228835946,False,0,0.0,1.1737784228835946,2.442598342895508,0.0,1.2688199200119132,2.442598342895508,0.0,1.1737784228835944,0.0,2.442598342895508,1.1737784228835944,1.1737784228835944,2.1994211920692557,2.201863790412151
4,0,0,True,3,0.49321155423280477,0.6805668686507899,2.442598342895508,0.0,0,0.0,1.1737784228835946,False,0,0.0,1.1737784228835946,2.442598342895508,0.0,1.2688199200119132,2.442598342895508,0.0,1.1737784228835952,0.0,2.442598342895508,1.1737784228835952,1.1737784228835952,2.201863790412151,2.2043063887550467
4,0,0,True,4,0.49321155423280477,0.6805668686507899,2.442598342895508,0.0,0,0.0,1.1737784228835946,False,0,0.0,1.1737784228835946,2.442598342895508,0.0,1.2688199200119132,2.442598342895508,0.0,1.1737784228835952,0.0,2.442598342895508,1.1737784228835952,1.1737784228835952,2.2043063887550467,2.206748987097942
4,0,0,True,5,0.49321155423280477,0.6805668686507899,2.442598342895508,0.0,0,0.0,1.1737784228835946,False,0,0.0,1.1737784228835946,2.442598342895508,0.0,1.2688199200119132,2.442598342895508,0.0,1.1737784228835952,0.0,2.442598342895508,1.1737784228835952,1.1737784228835952,2.206748987097942,2.2091915854408377
4,0,0,True,6,0.49321155423280477,0.6805668686507899,2.442598342895508,0.0,0,0.0,1.1737784228835946,False,0,0.0,1.1737784228835946,2.442598342895508,0.0,1.2688199200119132,2.442598342895508,0.0,1.1737784228835952,0.0,2.442598342895508,1.1737784228835952,1.1737784228835952,2.2091915854408377,2.211634183783733
4,0,0,True,7,0.49321155423280477,0.6805668686507899,2.442598342895508,0.0,0,0.0,1.1737784228835946,False,0,0.0,1.1737784228835946,2.442598342895508,0.0,1.2688199200119132,2.442598342895508,0.0,1.1737784228835935,0.0,2.442598342895508,1.1737784228835935,1.1737784228835935,2.211634183783733,2.2140767821266287
4,0,0,True,8,0.49321155423280477,0.6805668686507899,2.442598342895508,0.0,0,0.0,1.1737784228835946,False,0,0.0,1.1737784228835946,2.442598342895508,0.0,1.2688199200119132,2.442598342895508,0.0,1.1737784228835935,0.0,2.442598342895508,1.1737784228835935,1.1737784228835935,2.2140767821266287,2.2165193804695242
4,0,0,True,9,0.49321155423280477,0.6805668686507899,2.442598342895508,0.0,0,0.0,1.1737784228835946,False,0,0.0,1.1737784228835946,2.442598342895508,0.0,1.2688199200119132,2.442598342895508,0.0,1.1737784228835935,0.0,2.442598342895508,1.1737784228835935,1.1737784228835935,2.2165193804695242,2.2189619788124197
4,0,0,True,10,0.49321155423280477,0.6805668686507899,2.442598342895508,0.0,0,0.0,1.1737784228835946,False,0,0.0,1.1737784228835946,2.442598342895508,0.0,1.2688199200119132,2.442598342895508,0.0,1.1737784228835935,0.0,2.442598342895508,1.1737784228835935,1.1737784228835935,2.2189619788124197,2.2214045771553153
4,0,0,True,11,0.49321155423280477,0.6805668686507899,2.442598342895508,0.0,0,0.0,1.1737784228835946,False,0,0.0,1.1737784228835946,2.442598342895508,0.0,1.2688199200119132,2.442598342895508,0.0,1.1737784228835935,0.0,2.442598342895508,1.1737784228835935,1.1737784228835935,2.2214045771553153,2.2238471754982108
4,0,0,True,12,0.49321155423280477,0.6805668686507899,2.442598342895508,0.0,0,0.0,1.1737784228835946,False,0,0.0,1.1737784228835946,2.442598342895508,0.0,1.2688199200119132,2.442598342895508,0.0,1.1737784228835935,0.0,2.442598342895508,1.1737784228835935,1.1737784228835935,2.2238471754982108,2.2262897738411063
4,0,0,True,13,0.49321155423280477,0.6805668686507899,2.442598342895508,0.0,0,0.0,1.1737784228835946,False,0,0.0,1.1737784228835946,2.442598342895508,0.0,1.2688199200119132,2.442598342895508,0.0,1.1737784228835935,0.0,2.442598342895508,1.1737784228835935,1.1737784228835935,2.2262897738411063,2.2287323721840018
4,0,0,True,14,0.49321155423280477,0.6805668686507899,2.442598342895508,0.0,0,0.0,1.1737784228835946,False,0,0.0,1.1737784228835946,2.442598342895508,0.0,1.2688199200119132,2.442598342895508,0.0,1.1737784228835935,0.0,2.442598342895508,1.1737784228835935,1.1737784228835935,2.2287323721840018,2.2311749705268973
4,0,0,True,15,0.49321155423280477,0.6805668686507899,2.442598342895508,0.0,0,0.0,1.1737784228835946,False,0,0.0,1.1737784228835946,2.442598342895508,0.0,1.2688199200119132,2.442598342895508,0.0,1.1737784228835935,0.0,2.442598342895508,1.1737784228835935,1.1737784228835935,2.2311749705268973,2.233617568869793
4,0,0,True,16,0.49321155423280477,0.6805668686507899,2.442598342895508,0.0,0,0.0,1.1737784228835946,False,0,0.0,1.1737784228835946,2.442598342895508,0.0,1.2688199200119132,2.442598342895508,0.0,1.1737784228835935,0.0,2.442598342895508,1.1737784228835935,1.1737784228835935,2.233617568869793,2.2360601672126883
4,0,0,True,17,0.49321155423280477,0.6805668686507899,2.442598342895508,0.0,0,0.0,1.1737784228835946,False,0,0.0,1.1737784228835946,2.442598342895508,0.0,1.2688199200119132,2.442598342895508,0.0,1.1737784228835935,0.0,2.442598342895508,1.1737784228835935,1.1737784228835935,2.2360601672126883,2.238502765555584
4,0,0,True,18,0.49321155423280477,0.6805668686507899,2.442598342895508,0.0,0,0.0,1.1737784228835946,False,0,0.0,1.1737784228835946,2.442598342895508,0.0,1.2688199200119132,2.442598342895508,0.0,1.1737784228835935,0.0,2.442598342895508,1.1737784228835935,1.1737784228835935,2.238502765555584,2.2409453638984793
4,0,0,True,19,0.49321155423280477,0.6805668686507899,2.442598342895508,0.0,0,0.0,1.1737784228835946,False,0,0.0,1.1737784228835946,2.442598342895508,0.0,1.2688199200119132,2.442598342895508,0.0,1.1737784228835935,0.0,2.442598342895508,1.1737784228835935,1.1737784228835935,2.2409453638984793,2.243387962241375
4,0,0,True,20,0.49321155423280477,0.6805668686507899,2.442598342895508,0.0,0,0.0,1.1737784228835946,False,0,0.0,1.1737784228835946,2.442598342895508,0.0,1.2688199200119132,2.442598342895508,0.0,1.1737784228835935,0.0,2.442598342895508,1.1737784228835935,1.1737784228835935,2.243387962241375,2.2458305605842703
4,0,0,True,21,0.49321155423280477,0.6805668686507899,2.442598342895508,0.0,0,0.0,1.1737784228835946,False,0,0.0,1.1737784228835946,2.442598342895508,0.0,1.2688199200119132,2.442598342895508,0.0,1.1737784228835935,0.0,2.442598342895508,1.1737784228835935,1.1737784228835935,2.2458305605842703,2.248273158927166
4,0,0,True,22,0.49321155423280477,0.6805668686507899,2.442598342895508,0.0,0,0.0,1.1737784228835946,False,0,0.0,1.1737784228835946,2.442598342895508,0.0,1.2688199200119132,2.442598342895508,0.0,1.1737784228835935,0.0,2.442598342895508,1.1737784228835935,1.1737784228835935,2.248273158927166,2.2507157572700613
4,0,0,True,23,0.49321155423280477,0.6805668686507899,2.442598342895508,0.0,0,0.0,1.1737784228835946,False,0,0.0,1.1737784228835946,2.442598342895508,0.0,1.2688199200119132,2.442598342895508,0.0,1.1737784228835935,0.0,2.442598342895508,1.1737784228835935,1.1737784228835935,2.2507157572700613,2.253158355612957
4,0,0,True,24,0.49321155423280477,0.6805668686507899,2.442598342895508,0.0,0,0.0,1.1737784228835946,False,0,0.0,1.1737784228835946,2.442598342895508,0.0,1.2688199200119132,2.442598342895508,0.0,1.1737784228835935,0.0,2.442598342895508,1.1737784228835935,1.1737784228835935,2.253158355612957,2.2556009539558524
4,0,0,True,25,0.49321155423280477,0.6805668686507899,2.442598342895508,0.0,0,0.0,1.1737784228835946,False,0,0.0,1.1737784228835946,2.442598342895508,0.0,1.2688199200119132,2.442598342895508,0.0,1.1737784228835935,0.0,2.442598342895508,1.1737784228835935,1.1737784228835935,2.2556009539558524,2.258043552298748
4,0,0,True,26,0.49321155423280477,0.6805668686507899,2.442598342895508,0.0,0,0.0,1.1737784228835946,False,0,0.0,1.1737784228835946,2.442598342895508,0.0,1.2688199200119132,2.442598342895508,0.0,1.1737784228836006,0.0,2.442598342895508,1.1737784228836006,1.1737784228836006,2.258043552298748,2.2604861506416434
4,0,0,True,27,0.49321155423280477,0.6805668686507899,2.442598342895508,0.0,0,0.0,1.1737784228835946,False,0,0.0,1.1737784228835946,2.442598342895508,0.0,1.2688199200119132,2.442598342895508,0.0,1.1737784228836006,0.0,2.442598342895508,1.1737784228836006,1.1737784228836006,2.2604861506416434,2.262928748984539
4,0,0,True,28,0.49321155423280477,0.6805668686507899,2.442598342895508,0.0,0,0.0,1.1737784228835946,False,0,0.0,1.1737784228835946,2.442598342895508,0.0,1.2688199200119132,2.442598342895508,0.0,1.1737784228836006,0.0,2.442598342895508,1.1737784228836006,1.1737784228836006,2.262928748984539,2.2653713473274344
4,0,0,True,29,0.49321155423280477,0.6805668686507899,2.442598342895508,0.0,0,0.0,1.1737784228835946,False,0,0.0,1.1737784228835946,2.442598342895508,0.0,1.2688199200119132,2.442598342895508,0.0,1.1737784228836006,0.0,2.442598342895508,1.1737784228836006,1.1737784228836006,2.2653713473274344,2.26781394567033
4,0,0,True,30,0.49321155423280477,0.6805668686507899,2.442598342895508,0.0,0,0.0,1.1737784228835946,False,0,0.0,1.1737784228835946,2.442598342895508,0.0,1.2688199200119132,2.442598342895508,0.0,1.1737784228836006,0.0,2.442598342895508,1.1737784228836006,1.1737784228836006,2.26781394567033,2.2702565440132254
4,0,0,True,31,0.49321155423280477,0.6805668686507899,2.442598342895508,0.0,0,0.0,1.1737784228835946,False,0,0.0,1.1737784228835946,2.442598342895508,0.0,1.2688199200119132,1.1737784228836006,0.0,1.1737784228836006,0.0,0.0,1.1737784228836006,1.1737784228836006,2.2702565440132254,2.271430322436109
5,0,0,True,0,0.532462220899472,0.6805668686507899,2.4437904357910156,0.0,0,0.0,0.0,False,0,0.0,1.213029089550262,2.4437904357910156,0.0,2.4437904357910156,2.4437904357910156,0.0,1.213029089550262,0.0,2.4437904357910156,1.213029089550262,1.213029089550262,2.195933645806348,2.198377436242139
5,0,0,True,1,0.532462220899472,0.6805668686507899,2.4437904357910156,0.0,0,0.0,1.213029089550262,False,0,0.0,1.213029089550262,2.4437904357910156,0.0,1.2307613462407536,2.4437904357910156,0.0,1.213029089550262,0.0,2.4437904357910156,1.213029089550262,1.213029089550262,2.198377436242139,2.20082122667793
5,0,0,True,2,0.532462220899472,0.6805668686507899,2.4437904357910156,0.0,0,0.0,1.213029089550262,False,0,0.0,1.213029089550262,2.4437904357910156,0.0,1.2307613462407536,2.4437904357910156,0.0,1.213029089550262,0.0,2.4437904357910156,1.213029089550262,1.213029089550262,2.20082122667793,2.203265017113721
5,0,0,True,3,0.532462220899472,0.6805668686507899,2.4437904357910156,0.0,0,0.0,1.213029089550262,False,0,0.0,1.213029089550262,2.4437904357910156,0.0,1.2307613462407536,2.4437904357910156,0.0,1.2130290895502611,0.0,2.4437904357910156,1.2130290895502611,1.2130290895502611,2.203265017113721,2.205708807549512
5,0,0,True,4,0.532462220899472,0.6805668686507899,2.4437904357910156,0.0,0,0.0,1.213029089550262,False,0,0.0,1.213029089550262,2.4437904357910156,0.0,1.2307613462407536,2.4437904357910156,0.0,1.2130290895502611,0.0,2.4437904357910156,1.2130290895502611,1.2130290895502611,2.205708807549512,2.208152597985303
5,0,0,True,5,0.532462220899472,0.6805668686507899,2.4437904357910156,0.0,0,0.0,1.213029089550262,False,0,0.0,1.213029089550262,2.4437904357910156,0.0,1.2307613462407536,2.4437904357910156,0.0,1.2130290895502611,0.0,2.4437904357910156,1.2130290895502611,1.2130290895502611,2.208152597985303,2.210596388421094
5,0,0,True,6,0.532462220899472,0.6805668686507899,2.4437904357910156,0.0,0,0.0,1.213029089550262,False,0,0.0,1.213029089550262,2.4437904357910156,0.0,1.2307613462407536,2.4437904357910156,0.0,1.2130290895502611,0.0,2.4437904357910156,1.2130290895502611,1.2130290895502611,2.210596388421094,2.213040178856885
5,0,0,True,7,0.532462220899472,0.6805668686507899,2.4437904357910156,0.0,0,0.0,1.213029089550262,False,0,0.0,1.213029089550262,2.4437904357910156,0.0,1.2307613462407536,2.4437904357910156,0.0,1.2130290895502611,0.0,2.4437904357910156,1.2130290895502611,1.2130290895502611,2.213040178856885,2.215483969292676
5,0,0,True,8,0.532462220899472,0.6805668686507899,2.4437904357910156,0.0,0,0.0,1.213029089550262,False,0,0.0,1.213029089550262,2.4437904357910156,0.0,1.2307613462407536,2.4437904357910156,0.0,1.2130290895502611,0.0,2.4437904357910156,1.2130290895502611,1.2130290895502611,2.215483969292676,2.2179277597284672
5,0,0,True,9,0.532462220899472,0.6805668686507899,2.4437904357910156,0.0,0,0.0,1.213029089550262,False,0,0.0,1.213029089550262,2.4437904357910156,0.0,1.2307613462407536,2.4437904357910156,0.0,1.2130290895502611,0.0,2.4437904357910156,1.2130290895502611,1.2130290895502611,2.2179277597284672,2.2203715501642582
5,0,0,True,10,0.532462220899472,0.6805668686507899,2.4437904357910156,0.0,0,0.0,1.213029089550262,False,0,0.0,1.213029089550262,2.4437904357910156,0.0,1.2307613462407536,2.4437904357910156,0.0,1.2130290895502611,0.0,2.4437904357910156,1.2130290895502611,1.2130290895502611,2.2203715501642582,2.2228153406000493
5,0,0,True,11,0.532462220899472,0.6805668686507899,2.4437904357910156,0.0,0,0.0,1.213029089550262,False,0,0.0,1.213029089550262,2.4437904357910156,0.0,1.2307613462407536,2.4437904357910156,0.0,1.2130290895502611,0.0,2.4437904357910156,1.2130290895502611,1.2130290895502611,2.2228153406000493,2.2252591310358403
5,0,0,True,12,0.532462220899472,0.6805668686507899,2.4437904357910156,0.0,0,0.0,1.213029089550262,False,0,0.0,1.213029089550262,2.4437904357910156,0.0,1.2307613462407536,2.4437904357910156,0.0,1.2130290895502611,0.0,2.4437904357910156,1.2130290895502611,1.2130290895502611,2.2252591310358403,2.2277029214716313
5,0,0,True,13,0.532462220899472,0.6805668686507899,2.4437904357910156,0.0,0,0.0,1.213029089550262,False,0,0.0,1.213029089550262,2.4437904357910156,0.0,1.2307613462407536,2.4437904357910156,0.0,1.2130290895502611,0.0,2.4437904357910156,1.2130290895502611,1.2130290895502611,2.2277029214716313,2.2301467119074223
5,0,0,True,14,0.532462220899472,0.6805668686507899,2.4437904357910156,0.0,0,0.0,1.213029089550262,False,0,0.0,1.213029089550262,2.4437904357910156,0.0,1.2307613462407536,2.4437904357910156,0.0,1.2130290895502611,0.0,2.4437904357910156,1.2130290895502611,1.2130290895502611,2.2301467119074223,2.2325905023432133
5,0,0,True,15,0.532462220899472,0.6805668686507899,2.4437904357910156,0.0,0,0.0,1.213029089550262,False,0,0.0,1.213029089550262,2.4437904357910156,0.0,1.2307613462407536,2.4437904357910156,0.0,1.2130290895502611,0.0,2.4437904357910156,1.2130290895502611,1.2130290895502611,2.2325905023432133,2.2350342927790043
5,0,0,True,16,0.532462220899472,0.6805668686507899,2.4437904357910156,0.0,0,0.0,1.213029089550262,False,0,0.0,1.213029089550262,2.4437904357910156,0.0,1.2307613462407536,2.4437904357910156,0.0,1.2130290895502611,0.0,2.4437904357910156,1.2130290895502611,1.2130290895502611,2.2350342927790043,2.2374780832147954
5,0,0,True,17,0.532462220899472,0.6805668686507899,2.4437904357910156,0.0,0,0.0,1.213029089550262,False,0,0.0,1.213029089550262,2.4437904357910156,0.0,1.2307613462407536,2.4437904357910156,0.0,1.2130290895502611,0.0,2.4437904357910156,1.2130290895502611,1.2130290895502611,2.2374780832147954,2.2399218736505864
5,0,0,True,18,0.532462220899472,0.6805668686507899,2.4437904357910156,0.0,0,0.0,1.213029089550262,False,0,0.0,1.213029089550262,2.4437904357910156,0.0,1.2307613462407536,2.4437904357910156,0.0,1.2130290895502611,0.0,2.4437904357910156,1.2130290895502611,1.2130290895502611,2.2399218736505864,2.2423656640863774
5,0,0,True,19,0.532462220899472,0.6805668686507899,2.4437904357910156,0.0,0,0.0,1.213029089550262,False,0,0.0,1.213029089550262,2.4437904357910156,0.0,1.2307613462407536,2.4437904357910156,0.0,1.2130290895502611,0.0,2.4437904357910156,1.2130290895502611,1.2130290895502611,2.2423656640863774,2.2448094545221684
5,0,0,True,20,0.532462220899472,0.6805668686507899,2.4437904357910156,0.0,0,0.0,1.213029089550262,False,0,0.0,1.213029089550262,2.4437904357910156,0.0,1.2307613462407536,2.4437904357910156,0.0,1.2130290895502611,0.0,2.4437904357910156,1.2130290895502611,1.2130290895502611,2.2448094545221684,2.2472532449579594
5,0,0,True,21,0.532462220899472,0.6805668686507899,2.4437904357910156,0.0,0,0.0,1.213029089550262,False,0,0.0,1.213029089550262,2.4437904357910156,0.0,1.2307613462407536,2.4437904357910156,0.0,1.2130290895502611,0.0,2.4437904357910156,1.2130290895502611,1.2130290895502611,2.2472532449579594,2.2496970353937504
5,0,0,True,22,0.532462220899472,0.6805668686507899,2.4437904357910156,0.0,0,0.0,1.213029089550262,False,0,0.0,1.213029089550262,2.4437904357910156,0.0,1.2307613462407536,2.4437904357910156,0.0,1.2130290895502611,0.0,2.4437904357910156,1.2130290895502611,1.2130290895502611,2.2496970353937504,2.2521408258295414
5,0,0,True,23,0.532462220899472,0.6805668686507899,2.4437904357910156,0.0,0,0.0,1.213029089550262,False,0,0.0,1.213029089550262,2.4437904357910156,0.0,1.2307613462407536,2.4437904357910156,0.0,1.2130290895502611,0.0,2.4437904357910156,1.2130290895502611,1.2130290895502611,2.2521408258295414,2.2545846162653325
5,0,0,True,24,0.532462220899472,0.6805668686507899,2.4437904357910156,0.0,0,0.0,1.213029089550262,False,0,0.0,1.213029089550262,2.4437904357910156,0.0,1.2307613462407536,2.4437904357910156,0.0,1.2130290895502611,0.0,2.4437904357910156,1.2130290895502611,1.2130290895502611,2.2545846162653325,2.2570284067011235
5,0,0,True,25,0.532462220899472,0.6805668686507899,2.4437904357910156,0.0,0,0.0,1.213029089550262,False,0,0.0,1.213029089550262,2.4437904357910156,0.0,1.2307613462407536,2.4437904357910156,0.0,1.2130290895502611,0.0,2.4437904357910156,1.2130290895502611,1.2130290895502611,2.2570284067011235,2.2594721971369145
5,0,0,True,26,0.532462220899472,0.6805668686507899,2.4437904357910156,0.0,0,0.0,1.213029089550262,False,0,0.0,1.213029089550262,2.4437904357910156,0.0,1.2307613462407536,2.4437904357910156,0.0,1.2130290895502611,0.0,2.4437904357910156,1.2130290895502611,1.2130290895502611,2.2594721971369145,2.2619159875727055
5,0,0,True,27,0.532462220899472,0.6805668686507899,2.4437904357910156,0.0,0,0.0,1.213029089550262,False,0,0.0,1.213029089550262,2.4437904357910156,0.0,1.2307613462407536,2.4437904357910156,0.0,1.2130290895502611,0.0,2.4437904357910156,1.2130290895502611,1.2130290895502611,2.2619159875727055,2.2643597780084965
5,0,0,True,28,0.532462220899472,0.6805668686507899,2.4437904357910156,0.0,0,0.0,1.213029089550262,False,0,0.0,1.213029089550262,2.4437904357910156,0.0,1.2307613462407536,2.4437904357910156,0.0,1.2130290895502611,0.0,2.4437904357910156,1.2130290895502611,1.2130290895502611,2.2643597780084965,2.2668035684442875
5,0,0,True,29,0.532462220899472,0.6805668686507899,2.4437904357910156,0.0,0,0.0,1.213029089550262,False,0,0.0,1.213029089550262,2.4437904357910156,0.0,1.2307613462407536,2.4437904357910156,0.0,1.2130290895502611,0.0,2.4437904357910156,1.2130290895502611,1.2130290895502611,2.2668035684442875,2.2692473588800786
5,0,0,True,30,0.532462220899472,0.6805668686507899,2.4437904357910156,0.0,0,0.0,1.213029089550262,False,0,0.0,1.213029089550262,2.4437904357910156,0.0,1.2307613462407536,2.4437904357910156,0.0,1.2130290895502611,0.0,2.4437904357910156,1.2130290895502611,1.2130290895502611,2.2692473588800786,2.2716911493158696
5,0,0,True,31,0.532462220899472,0.6805668686507899,2.4437904357910156,0.0,0,0.0,1.213029089550262,False,0,0.0,1.213029089550262,2.4437904357910156,0.0,1.2307613462407536,1.2130290895502611,0.0,1.2130290895502611,0.0,0.0,1.2130290895502611,1.2130290895502611,2.2716911493158696,2.27290417840542
6,0,0,True,0,0.5654824304232822,0.6805668686507899,2.4449825286865234,0.0,0,0.0,0.0,False,0,0.0,1.246049299074072,2.4449825286865234,0.0,2.4449825286865234,2.4449825286865234,0.0,1.246049299074072,0.0,2.4449825286865234,1.246049299074072,1.246049299074072,2.197370546895898,2.1998155294245847
6,0,0,True,1,0.5654824304232822,0.6805668686507899,2.4449825286865234,0.0,0,0.0,1.246049299074072,False,0,0.0,1.246049299074072,2.4449825286865234,0.0,1.1989332296124515,2.4449825286865234,0.0,1.246049299074072,0.0,2.4449825286865234,1.246049299074072,1.246049299074072,2.1998155294245847,2.202260511953271
6,0,0,True,2,0.5654824304232822,0.6805668686507899,2.4449825286865234,0.0,0,0.0,1.246049299074072,False,0,0.0,1.246049299074072,2.4449825286865234,0.0,1.1989332296124515,2.4449825286865234,0.0,1.2460492990740715,0.0,2.4449825286865234,1.2460492990740715,1.2460492990740715,2.202260511953271,2.2047054944819577
6,0,0,True,3,0.5654824304232822,0.6805668686507899,2.4449825286865234,0.0,0,0.0,1.246049299074072,False,0,0.0,1.246049299074072,2.4449825286865234,0.0,1.1989332296124515,2.4449825286865234,0.0,1.2460492990740715,0.0,2.4449825286865234,1.2460492990740715,1.2460492990740715,2.2047054944819577,2.2071504770106443
6,0,0,True,4,0.5654824304232822,0.6805668686507899,2.4449825286865234,0.0,0,0.0,1.246049299074072,False,0,0.0,1.246049299074072,2.4449825286865234,0.0,1.1989332296124515,2.4449825286865234,0.0,1.2460492990740715,0.0,2.4449825286865234,1.2460492990740715,1.2460492990740715,2.2071504770106443,2.209595459539331
6,0,0,True,5,0.5654824304232822,0.6805668686507899,2.4449825286865234,0.0,0,0.0,1.246049299074072,False,0,0.0,1.246049299074072,2.4449825286865234,0.0,1.1989332296124515,2.4449825286865234,0.0,1.2460492990740715,0.0,2.4449825286865234,1.2460492990740715,1.2460492990740715,2.209595459539331,2.2120404420680173
6,0,0,True,6,0.5654824304232822,0.6805668686507899,2.4449825286865234,0.0,0,0.0,1.246049299074072,False,0,0.0,1.246049299074072,2.4449825286865234,0.0,1.1989332296124515,2.4449825286865234,0.0,1.2460492990740715,0.0,2.4449825286865234,1.2460492990740715,1.2460492990740715,2.2120404420680173,2.214485424596704
6,0,0,True,7,0.5654824304232822,0.6805668686507899,2.4449825286865234,0.0,0,0.0,1.246049299074072,False,0,0.0,1.246049299074072,2.4449825286865234,0.0,1.1989332296124515,2.4449825286865234,0.0,1.2460492990740732,0.0,2.4449825286865234,1.2460492990740732,1.2460492990740732,2.214485424596704,2.2169304071253904
