Request Id,request_e2e_time,request_e2e_time_normalized,request_execution_time,request_execution_time_normalized,request_model_execution_time,request_model_execution_time_normalized,request_preemption_time,request_scheduling_delay,request_execution_plus_preemption_time,request_execution_plus_preemption_time_normalized,prefill_e2e_time,prefill_time_execution_plus_preemption,prefill_time_execution_plus_preemption_normalized,decode_time_execution_plus_preemption_normalized,request_inter_arrival_delay,request_num_tokens,request_num_prefill_tokens,request_num_decode_tokens,request_pd_ratio,request_num_restarts
0,0.3658543424730163,0.0007145592626426099,0.3658543424730166,0.0007145592626426106,0.3658543424730166,0.0007145592626426106,0.0,0.0,0.3658543424730166,0.0007145592626426106,0.15441542083386262,0.15441542083386262,7.539815470403448e-05,0.000412966643826472,,2560,2048,512,4.0,0
1,0.31711397950658515,0.0006193632412237991,0.21335623675819756,0.0004167113999183546,0.21335623675819756,0.0004167113999183546,0.0,0.1037577427483849,0.21335623675819756,0.0004167113999183546,0.11000517700658596,0.006247434258201068,3.05050500888724e-06,0.0004045093798828109,0.05065767808547772,2560,2048,512,4.0,0
2,0.34852063133386046,0.0006807043580739462,0.3485206313338617,0.0006807043580739486,0.3485206313338617,0.0006807043580739486,0.0,0.0,0.3485206313338617,0.0006807043580739486,0.15441542083386262,0.15441542083386262,7.539815470403448e-05,0.0003791117392578083,0.6432481281499309,2560,2048,512,4.0,0
3,0.34852063133386046,0.0006807043580739462,0.3485206313338617,0.0006807043580739486,0.3485206313338617,0.0006807043580739486,0.0,0.0,0.3485206313338617,0.0006807043580739486,0.15441542083386262,0.15441542083386262,7.539815470403448e-05,0.0003791117392578083,0.505172371340227,2560,2048,512,4.0,0
4,0.3485206313338871,0.0006807043580739983,0.3485206313338617,0.0006807043580739486,0.3485206313338617,0.0006807043580739486,0.0,0.0,0.3485206313338617,0.0006807043580739486,0.15441542083386128,0.15441542083386128,7.539815470403383e-05,0.00037911173925786294,2.667185345616166,2560,2048,512,4.0,0
5,0.34852063133371836,0.0006807043580736687,0.3485206313338617,0.0006807043580739486,0.3485206313338617,0.0006807043580739486,0.0,0.0,0.3485206313338617,0.0006807043580739486,0.15441542083386217,0.15441542083386217,7.539815470403426e-05,0.0003791117392575316,2.2583460175971855,2560,2048,512,4.0,0
6,0.3637320518064424,0.0007104141636844578,0.3637320518063517,0.0007104141636842807,0.3637320518063517,0.0007104141636842807,0.0,0.0,0.3637320518063517,0.0007104141636842807,0.15441542083386217,0.15441542083386217,7.539815470403426e-05,0.0004088215448683208,4.45457619910276,2560,2048,512,4.0,0
7,0.21209547747421809,0.0004142489794418322,0.21174388209153117,0.0004135622697100218,0.21174388209153117,0.0004135622697100218,0.0,0.00035159538260742806,0.21174388209153117,0.0004135622697100218,0.006610122974141319,0.006258527591533891,3.055921675553658e-06,0.00040133858300796244,0.18190480921313146,2560,2048,512,4.0,0
8,0.365854342473078,0.0007145592626427305,0.3658543424730166,0.0007145592626426106,0.3658543424730166,0.0007145592626426106,0.0,0.0,0.3658543424730166,0.0007145592626426106,0.15441542083386217,0.15441542083386217,7.539815470403426e-05,0.00041296664382659345,1.0960923187929819,2560,2048,512,4.0,0
9,0.30727130317740503,0.0006001392640183692,0.21335623675819756,0.0004167113999183546,0.21335623675819756,0.0004167113999183546,0.0,0.09391506641914482,0.21335623675819756,0.0004167113999183546,0.10016250067734589,0.006247434258201068,3.05050500888724e-06,0.000404509379882928,0.06050035441471735,2560,2048,512,4.0,0
10,0.34852063133371836,0.0006807043580736687,0.3485206313338617,0.0006807043580739486,0.3485206313338617,0.0006807043580739486,0.0,0.0,0.3485206313338617,0.0006807043580739486,0.15441542083386217,0.15441542083386217,7.539815470403426e-05,0.0003791117392575316,0.4934333919196483,2560,2048,512,4.0,0
11,0.3658543424729661,0.0007145592626425119,0.3658543424730166,0.0007145592626426106,0.3658543424730166,0.0007145592626426106,0.0,0.0,0.3658543424730166,0.0007145592626426106,0.15441542083386217,0.15441542083386217,7.539815470403426e-05,0.0004129666438263749,1.4078310557323075,2560,2048,512,4.0,0
12,0.3139828502313957,0.0006132477543581948,0.21335623675819756,0.0004167113999183546,0.21335623675819756,0.0004167113999183546,0.0,0.10062661347324742,0.21335623675819756,0.0004167113999183546,0.10687404773145026,0.006247434258202844,3.0505050088881075e-06,0.00040450937988270597,0.053788807360614754,2560,2048,512,4.0,0
13,0.3485206313339475,0.0006807043580741162,0.3485206313338617,0.0006807043580739486,0.3485206313338617,0.0006807043580739486,0.0,0.0,0.3485206313338617,0.0006807043580739486,0.15441542083386395,0.15441542083386395,7.539815470403513e-05,0.0003791117392579757,0.44338333832735977,2560,2048,512,4.0,0
14,0.3485206313339475,0.0006807043580741162,0.3485206313338617,0.0006807043580739486,0.3485206313338617,0.0006807043580739486,0.0,0.0,0.3485206313338617,0.0006807043580739486,0.15441542083386395,0.15441542083386395,7.539815470403513e-05,0.0003791117392579757,2.098984002445146,2560,2048,512,4.0,0
15,0.3485206313339475,0.0006807043580741162,0.3485206313338617,0.0006807043580739486,0.3485206313338617,0.0006807043580739486,0.0,0.0,0.3485206313338617,0.0006807043580739486,0.15441542083386395,0.15441542083386395,7.539815470403513e-05,0.0003791117392579757,1.5746585084848022,2560,2048,512,4.0,0
16,0.3485206313339475,0.0006807043580741162,0.3485206313338617,0.0006807043580739486,0.3485206313338617,0.0006807043580739486,0.0,0.0,0.3485206313338617,0.0006807043580739486,0.15441542083386395,0.15441542083386395,7.539815470403513e-05,0.0003791117392579757,0.4980528379336455,2560,2048,512,4.0,0
17,0.3485206313339475,0.0006807043580741162,0.3485206313338617,0.0006807043580739486,0.3485206313338617,0.0006807043580739486,0.0,0.0,0.3485206313338617,0.0006807043580739486,0.15441542083386395,0.15441542083386395,7.539815470403513e-05,0.0003791117392579757,1.7796174126035247,2560,2048,512,4.0,0
18,0.3658543424729679,0.0007145592626425154,0.3658543424730166,0.0007145592626426106,0.3658543424730166,0.0007145592626426106,0.0,0.0,0.3658543424730166,0.0007145592626426106,0.15441542083386395,0.15441542083386395,7.539815470403513e-05,0.0004129666438263749,3.315476188446194,2560,2048,512,4.0,0
19,0.35473172048347834,0.0006928353915692936,0.21335623675819756,0.0004167113999183546,0.21335623675819756,0.0004167113999183546,0.0,0.14137548372533004,0.21335623675819756,0.0004167113999183546,0.1476229179835329,0.006247434258202844,3.0505050088881075e-06,0.00040450937988270597,0.013039937108533906,2560,2048,512,4.0,0
20,0.3485206313339475,0.0006807043580741162,0.3485206313338617,0.0006807043580739486,0.3485206313338617,0.0006807043580739486,0.0,0.0,0.3485206313338617,0.0006807043580739486,0.15441542083386395,0.15441542083386395,7.539815470403513e-05,0.0003791117392579757,3.2779317241811015,2560,2048,512,4.0,0
21,0.3485206313339475,0.0006807043580741162,0.3485206313338617,0.0006807043580739486,0.3485206313338617,0.0006807043580739486,0.0,0.0,0.3485206313338617,0.0006807043580739486,0.15441542083386395,0.15441542083386395,7.539815470403513e-05,0.0003791117392579757,2.3955798819469685,2560,2048,512,4.0,0
22,0.3533846198067394,0.0006902043355600379,0.3533846198063483,0.000690204335559274,0.3533846198063483,0.000690204335559274,0.0,0.0,0.3533846198063483,0.000690204335559274,0.15441542083386395,0.15441542083386395,7.539815470403513e-05,0.0003886117167438974,0.8317901729971595,2560,2048,512,4.0,0
23,0.20124684094200518,0.00039306023621485386,0.2010522474248681,0.0003926801707516955,0.2010522474248681,0.0003926801707516955,0.0,0.0001945935167952939,0.2010522474248681,0.0003926801707516955,0.006479694441665629,0.006285100924870335,3.068896935971843e-06,0.0003804045830084757,0.33797253617454004,2560,2048,512,4.0,0
24,0.3485206313341749,0.0006807043580745603,0.3485206313338617,0.0006807043580739486,0.3485206313338617,0.0006807043580739486,0.0,0.0,0.3485206313338617,0.0006807043580739486,0.15441542083386395,0.15441542083386395,7.539815470403513e-05,0.0003791117392584198,6.0,2560,2048,512,4.0,0
25,0.36284850913981614,0.0007086884944137034,0.3628485091396858,0.0007086884944134488,0.3628485091396858,0.0007086884944134488,0.0,0.0,0.3628485091396858,0.0007086884944134488,0.15441542083386395,0.15441542083386395,7.539815470403513e-05,0.0004070958755975629,0.8207378597621684,2560,2048,512,4.0,0
26,0.21573678159922594,0.00042136090156098815,0.21566678389735233,0.0004212241872995163,0.21566678389735233,0.0004212241872995163,0.0,6.99977016580533e-05,0.21566678389735233,0.0004212241872995163,0.00632852529319905,0.006258527591540997,3.0559216755571272e-06,0.00040900050059770876,0.19466530267991544,2560,2048,512,4.0,0
27,0.2011416064415883,0.00039285470008122714,0.2008113247582015,0.0003922096186683623,0.2008113247582015,0.0003922096186683623,0.0,0.0003302816830554889,0.2008113247582015,0.0003922096186683623,0.006615382607925824,0.006285100924870335,3.068896935971843e-06,0.000379934030925122,0.2034373699912635,2560,2048,512,4.0,0
28,0.3485206313341749,0.0006807043580745603,0.3485206313338617,0.0006807043580739486,0.3485206313338617,0.0006807043580739486,0.0,0.0,0.3485206313338617,0.0006807043580739486,0.15441542083386395,0.15441542083386395,7.539815470403513e-05,0.0003791117392584198,3.7611074832662794,2560,2048,512,4.0,0
29,0.3485206313341749,0.0006807043580745603,0.3485206313338617,0.0006807043580739486,0.3485206313338617,0.0006807043580739486,0.0,0.0,0.3485206313338617,0.0006807043580739486,0.15441542083386395,0.15441542083386395,7.539815470403513e-05,0.0003791117392584198,1.8512989339120267,2560,2048,512,4.0,0
30,0.3485206313341749,0.0006807043580745603,0.3485206313338617,0.0006807043580739486,0.3485206313338617,0.0006807043580739486,0.0,0.0,0.3485206313338617,0.0006807043580739486,0.15441542083386395,0.15441542083386395,7.539815470403513e-05,0.0003791117392584198,3.291459878810514,2560,2048,512,4.0,0
31,0.3485206313341749,0.0006807043580745603,0.3485206313338617,0.0006807043580739486,0.3485206313338617,0.0006807043580739486,0.0,0.0,0.3485206313338617,0.0006807043580739486,0.15441542083386395,0.15441542083386395,7.539815470403513e-05,0.0003791117392584198,2.6166808608925365,2560,2048,512,4.0,0
32,0.3485206313341749,0.0006807043580745603,0.3485206313338617,0.0006807043580739486,0.3485206313338617,0.0006807043580739486,0.0,0.0,0.3485206313338617,0.0006807043580739486,0.15441542083386395,0.15441542083386395,7.539815470403513e-05,0.0003791117392584198,1.536724848060338,2560,2048,512,4.0,0
33,0.3485206313341749,0.0006807043580745603,0.3485206313338617,0.0006807043580739486,0.3485206313338617,0.0006807043580739486,0.0,0.0,0.3485206313338617,0.0006807043580739486,0.15441542083386395,0.15441542083386395,7.539815470403513e-05,0.0003791117392584198,6.0,2560,2048,512,4.0,0
34,0.3485206313341749,0.0006807043580745603,0.3485206313338617,0.0006807043580739486,0.3485206313338617,0.0006807043580739486,0.0,0.0,0.3485206313338617,0.0006807043580739486,0.15441542083386395,0.15441542083386395,7.539815470403513e-05,0.0003791117392584198,0.9513493656979719,2560,2048,512,4.0,0
35,0.3485206313341749,0.0006807043580745603,0.3485206313338617,0.0006807043580739486,0.3485206313338617,0.0006807043580739486,0.0,0.0,0.3485206313338617,0.0006807043580739486,0.15441542083386395,0.15441542083386395,7.539815470403513e-05,0.0003791117392584198,1.606105490972972,2560,2048,512,4.0,0
36,0.348520631333713,0.0006807043580736583,0.3485206313338617,0.0006807043580739486,0.3485206313338617,0.0006807043580739486,0.0,0.0,0.3485206313338617,0.0006807043580739486,0.15441542083385684,0.15441542083385684,7.539815470403166e-05,0.0003791117392575316,3.536921969170997,2560,2048,512,4.0,0
37,0.348520631333713,0.0006807043580736583,0.3485206313338617,0.0006807043580739486,0.3485206313338617,0.0006807043580739486,0.0,0.0,0.3485206313338617,0.0006807043580739486,0.15441542083385684,0.15441542083385684,7.539815470403166e-05,0.0003791117392575316,1.9273924102536881,2560,2048,512,4.0,0
38,0.348520631333713,0.0006807043580736583,0.3485206313338617,0.0006807043580739486,0.3485206313338617,0.0006807043580739486,0.0,0.0,0.3485206313338617,0.0006807043580739486,0.15441542083385684,0.15441542083385684,7.539815470403166e-05,0.0003791117392575316,3.956759870686824,2560,2048,512,4.0,0
39,0.348520631333713,0.0006807043580736583,0.3485206313338617,0.0006807043580739486,0.3485206313338617,0.0006807043580739486,0.0,0.0,0.3485206313338617,0.0006807043580739486,0.15441542083385684,0.15441542083385684,7.539815470403166e-05,0.0003791117392575316,1.7224318826976912,2560,2048,512,4.0,0
40,0.36585434247248827,0.0007145592626415787,0.3658543424730166,0.0007145592626426106,0.3658543424730166,0.0007145592626426106,0.0,0.0,0.3658543424730166,0.0007145592626426106,0.15441542083385684,0.15441542083385684,7.539815470403166e-05,0.000412966643825452,2.4386591444956593,2560,2048,512,4.0,0
41,0.27395657707775456,0.0005350714396049894,0.21335623675819756,0.0004167113999183546,0.21335623675819756,0.0004167113999183546,0.0,0.06060034032007877,0.21335623675819756,0.0004167113999183546,0.06684777457827806,0.0062474342581992914,3.0505050088863728e-06,0.00040450937988179003,0.09381508051377807,2560,2048,512,4.0,0
42,0.348520631333713,0.0006807043580736583,0.3485206313338617,0.0006807043580739486,0.3485206313338617,0.0006807043580739486,0.0,0.0,0.3485206313338617,0.0006807043580739486,0.15441542083385684,0.15441542083385684,7.539815470403166e-05,0.0003791117392575316,0.5172779406943278,2560,2048,512,4.0,0
43,0.3649222038057758,0.0007127386793081558,0.36492220380635076,0.0007127386793092788,0.36492220380635076,0.0007127386793092788,0.0,0.0,0.36492220380635076,0.0007127386793092788,0.15441542083385684,0.15441542083385684,7.539815470403166e-05,0.0004111460604920292,0.6832573143593663,2560,2048,512,4.0,0
44,0.2127992907687286,0.00041562361478267307,0.2126651647581975,0.0004153616499183545,0.2126651647581975,0.0004153616499183545,0.0,0.00013412601116158385,0.2126651647581975,0.0004153616499183545,0.006381560269360875,0.0062474342581992914,3.0505050088863728e-06,0.0004031596298815776,0.16631104491797544,2560,2048,512,4.0,0
45,0.3615449891390483,0.0007061425569122037,0.36154498913968536,0.000706142556913448,0.36154498913968536,0.000706142556913448,0.0,0.0,0.36154498913968536,0.000706142556913448,0.15441542083385684,0.15441542083385684,7.539815470403166e-05,0.0004045499380960771,0.5299917527839995,2560,2048,512,4.0,0
46,0.21014966961561754,0.000410448573468003,0.20981249675819966,0.0004097900327308587,0.20981249675819966,0.0004097900327308587,0.0,0.0003371728587069356,0.20981249675819966,0.0004097900327308587,0.006599320450249024,0.006262147591542089,3.0576892536826605e-06,0.0003975592757136104,0.21294766902295237,2560,2048,512,4.0,0
47,0.348520631333713,0.0006807043580736583,0.3485206313338617,0.0006807043580739486,0.3485206313338617,0.0006807043580739486,0.0,0.0,0.3485206313338617,0.0006807043580739486,0.15441542083385684,0.15441542083385684,7.539815470403166e-05,0.0003791117392575316,0.6513871599365899,2560,2048,512,4.0,0
48,0.348520631333713,0.0006807043580736583,0.3485206313338617,0.0006807043580739486,0.3485206313338617,0.0006807043580739486,0.0,0.0,0.3485206313338617,0.0006807043580739486,0.15441542083385684,0.15441542083385684,7.539815470403166e-05,0.0003791117392575316,2.019469751068968,2560,2048,512,4.0,0
49,0.348520631333713,0.0006807043580736583,0.3485206313338617,0.0006807043580739486,0.3485206313338617,0.0006807043580739486,0.0,0.0,0.3485206313338617,0.0006807043580739486,0.15441542083385684,0.15441542083385684,7.539815470403166e-05,0.0003791117392575316,0.9077320598402281,2560,2048,512,4.0,0
50,0.348520631333713,0.0006807043580736583,0.3485206313338617,0.0006807043580739486,0.3485206313338617,0.0006807043580739486,0.0,0.0,0.3485206313338617,0.0006807043580739486,0.15441542083385684,0.15441542083385684,7.539815470403166e-05,0.0003791117392575316,0.9246455005048944,2560,2048,512,4.0,0
51,0.348520631333713,0.0006807043580736583,0.3485206313338617,0.0006807043580739486,0.3485206313338617,0.0006807043580739486,0.0,0.0,0.3485206313338617,0.0006807043580739486,0.15441542083385684,0.15441542083385684,7.539815470403166e-05,0.0003791117392575316,0.4701970329074783,2560,2048,512,4.0,0
52,0.348520631333713,0.0006807043580736583,0.3485206313338617,0.0006807043580739486,0.3485206313338617,0.0006807043580739486,0.0,0.0,0.3485206313338617,0.0006807043580739486,0.15441542083385684,0.15441542083385684,7.539815470403166e-05,0.0003791117392575316,0.6211586422799797,2560,2048,512,4.0,0
53,0.348520631333713,0.0006807043580736583,0.3485206313338617,0.0006807043580739486,0.3485206313338617,0.0006807043580739486,0.0,0.0,0.3485206313338617,0.0006807043580739486,0.15441542083385684,0.15441542083385684,7.539815470403166e-05,0.0003791117392575316,5.518305586691056,2560,2048,512,4.0,0
54,0.348520631333713,0.0006807043580736583,0.3485206313338617,0.0006807043580739486,0.3485206313338617,0.0006807043580739486,0.0,0.0,0.3485206313338617,0.0006807043580739486,0.15441542083385684,0.15441542083385684,7.539815470403166e-05,0.0003791117392575316,2.088449269411754,2560,2048,512,4.0,0
55,0.348520631333713,0.0006807043580736583,0.3485206313338617,0.0006807043580739486,0.3485206313338617,0.0006807043580739486,0.0,0.0,0.3485206313338617,0.0006807043580739486,0.15441542083385684,0.15441542083385684,7.539815470403166e-05,0.0003791117392575316,1.878765655992538,2560,2048,512,4.0,0
56,0.348520631333713,0.0006807043580736583,0.3485206313338617,0.0006807043580739486,0.3485206313338617,0.0006807043580739486,0.0,0.0,0.3485206313338617,0.0006807043580739486,0.15441542083385684,0.15441542083385684,7.539815470403166e-05,0.0003791117392575316,0.37540477071823375,2560,2048,512,4.0,0
57,0.348520631333713,0.0006807043580736583,0.3485206313338617,0.0006807043580739486,0.3485206313338617,0.0006807043580739486,0.0,0.0,0.3485206313338617,0.0006807043580739486,0.15441542083385684,0.15441542083385684,7.539815470403166e-05,0.0003791117392575316,2.612208913424766,2560,2048,512,4.0,0
58,0.348520631333713,0.0006807043580736583,0.3485206313338617,0.0006807043580739486,0.3485206313338617,0.0006807043580739486,0.0,0.0,0.3485206313338617,0.0006807043580739486,0.15441542083385684,0.15441542083385684,7.539815470403166e-05,0.0003791117392575316,0.35682440161588147,2560,2048,512,4.0,0
59,0.348520631333713,0.0006807043580736583,0.3485206313338617,0.0006807043580739486,0.3485206313338617,0.0006807043580739486,0.0,0.0,0.3485206313338617,0.0006807043580739486,0.15441542083385684,0.15441542083385684,7.539815470403166e-05,0.0003791117392575316,0.9543157333886967,2560,2048,512,4.0,0
60,0.348520631333713,0.0006807043580736583,0.3485206313338617,0.0006807043580739486,0.3485206313338617,0.0006807043580739486,0.0,0.0,0.3485206313338617,0.0006807043580739486,0.15441542083385684,0.15441542083385684,7.539815470403166e-05,0.0003791117392575316,6.0,2560,2048,512,4.0,0
61,0.348520631333713,0.0006807043580736583,0.3485206313338617,0.0006807043580739486,0.3485206313338617,0.0006807043580739486,0.0,0.0,0.3485206313338617,0.0006807043580739486,0.15441542083385684,0.15441542083385684,7.539815470403166e-05,0.0003791117392575316,2.0433011609204783,2560,2048,512,4.0,0
62,0.348520631333713,0.0006807043580736583,0.3485206313338617,0.0006807043580739486,0.3485206313338617,0.0006807043580739486,0.0,0.0,0.3485206313338617,0.0006807043580739486,0.15441542083385684,0.15441542083385684,7.539815470403166e-05,0.0003791117392575316,1.6281441403349248,2560,2048,512,4.0,0
63,0.348520631333713,0.0006807043580736583,0.3485206313338617,0.0006807043580739486,0.3485206313338617,0.0006807043580739486,0.0,0.0,0.3485206313338617,0.0006807043580739486,0.15441542083385684,0.15441542083385684,7.539815470403166e-05,0.0003791117392575316,2.307917578670768,2560,2048,512,4.0,0
64,0.348520631333713,0.0006807043580736583,0.3485206313338617,0.0006807043580739486,0.3485206313338617,0.0006807043580739486,0.0,0.0,0.3485206313338617,0.0006807043580739486,0.15441542083385684,0.15441542083385684,7.539815470403166e-05,0.0003791117392575316,3.7011334692950157,2560,2048,512,4.0,0
65,0.348520631333713,0.0006807043580736583,0.3485206313338617,0.0006807043580739486,0.3485206313338617,0.0006807043580739486,0.0,0.0,0.3485206313338617,0.0006807043580739486,0.15441542083385684,0.15441542083385684,7.539815470403166e-05,0.0003791117392575316,2.9922176644886775,2560,2048,512,4.0,0
66,0.36585434247248827,0.0007145592626415787,0.3658543424730166,0.0007145592626426106,0.3658543424730166,0.0007145592626426106,0.0,0.0,0.3658543424730166,0.0007145592626426106,0.15441542083385684,0.15441542083385684,7.539815470403166e-05,0.000412966643825452,0.520258515021311,2560,2048,512,4.0,0
67,0.3025181479512469,0.000590855757717279,0.21335623675819756,0.0004167113999183546,0.21335623675819756,0.0004167113999183546,0.0,0.08916191119357109,0.21335623675819756,0.0004167113999183546,0.09540934545177038,0.0062474342581992914,3.0505050088863728e-06,0.00040450937988179003,0.06525350964028576,2560,2048,512,4.0,0
68,0.348520631333713,0.0006807043580736583,0.3485206313338617,0.0006807043580739486,0.3485206313338617,0.0006807043580739486,0.0,0.0,0.3485206313338617,0.0006807043580739486,0.15441542083385684,0.15441542083385684,7.539815470403166e-05,0.0003791117392575316,0.7579960871173341,2560,2048,512,4.0,0
69,0.348520631333713,0.0006807043580736583,0.3485206313338617,0.0006807043580739486,0.3485206313338617,0.0006807043580739486,0.0,0.0,0.3485206313338617,0.0006807043580739486,0.15441542083385684,0.15441542083385684,7.539815470403166e-05,0.0003791117392575316,0.6232416661868143,2560,2048,512,4.0,0
70,0.348520631333713,0.0006807043580736583,0.3485206313338617,0.0006807043580739486,0.3485206313338617,0.0006807043580739486,0.0,0.0,0.3485206313338617,0.0006807043580739486,0.15441542083385684,0.15441542083385684,7.539815470403166e-05,0.0003791117392575316,0.4739344277372908,2560,2048,512,4.0,0
71,0.348520631333713,0.0006807043580736583,0.3485206313338617,0.0006807043580739486,0.3485206313338617,0.0006807043580739486,0.0,0.0,0.3485206313338617,0.0006807043580739486,0.15441542083385684,0.15441542083385684,7.539815470403166e-05,0.0003791117392575316,5.726242610506915,2560,2048,512,4.0,0
72,0.348520631333713,0.0006807043580736583,0.3485206313338617,0.0006807043580739486,0.3485206313338617,0.0006807043580739486,0.0,0.0,0.3485206313338617,0.0006807043580739486,0.15441542083385684,0.15441542083385684,7.539815470403166e-05,0.0003791117392575316,4.1808856930237965,2560,2048,512,4.0,0
73,0.348520631335532,0.000680704358077211,0.3485206313338617,0.0006807043580739486,0.3485206313338617,0.0006807043580739486,0.0,0.0,0.3485206313338617,0.0006807043580739486,0.15441542083385684,0.15441542083385684,7.539815470403166e-05,0.0003791117392610843,0.7557326084837257,2560,2048,512,4.0,0
74,0.348520631335532,0.000680704358077211,0.3485206313338617,0.0006807043580739486,0.3485206313338617,0.0006807043580739486,0.0,0.0,0.3485206313338617,0.0006807043580739486,0.15441542083385684,0.15441542083385684,7.539815470403166e-05,0.0003791117392610843,2.1309663291859806,2560,2048,512,4.0,0
75,0.348520631335532,0.000680704358077211,0.3485206313338617,0.0006807043580739486,0.3485206313338617,0.0006807043580739486,0.0,0.0,0.3485206313338617,0.0006807043580739486,0.15441542083385684,0.15441542083385684,7.539815470403166e-05,0.0003791117392610843,1.0071436626951709,2560,2048,512,4.0,0
76,0.348520631335532,0.000680704358077211,0.3485206313338617,0.0006807043580739486,0.3485206313338617,0.0006807043580739486,0.0,0.0,0.3485206313338617,0.0006807043580739486,0.15441542083385684,0.15441542083385684,7.539815470403166e-05,0.0003791117392610843,4.91959132630825,2560,2048,512,4.0,0
77,0.348520631335532,0.000680704358077211,0.3485206313338617,0.0006807043580739486,0.3485206313338617,0.0006807043580739486,0.0,0.0,0.3485206313338617,0.0006807043580739486,0.15441542083385684,0.15441542083385684,7.539815470403166e-05,0.0003791117392610843,1.228124395347237,2560,2048,512,4.0,0
78,0.348520631335532,0.000680704358077211,0.3485206313338617,0.0006807043580739486,0.3485206313338617,0.0006807043580739486,0.0,0.0,0.3485206313338617,0.0006807043580739486,0.15441542083385684,0.15441542083385684,7.539815470403166e-05,0.0003791117392610843,0.615443508561043,2560,2048,512,4.0,0
79,0.348520631335532,0.000680704358077211,0.3485206313338617,0.0006807043580739486,0.3485206313338617,0.0006807043580739486,0.0,0.0,0.3485206313338617,0.0006807043580739486,0.15441542083385684,0.15441542083385684,7.539815470403166e-05,0.0003791117392610843,0.5663909915953695,2560,2048,512,4.0,0
80,0.348520631335532,0.000680704358077211,0.3485206313338617,0.0006807043580739486,0.3485206313338617,0.0006807043580739486,0.0,0.0,0.3485206313338617,0.0006807043580739486,0.15441542083385684,0.15441542083385684,7.539815470403166e-05,0.0003791117392610843,1.6481895842213987,2560,2048,512,4.0,0
81,0.348520631335532,0.000680704358077211,0.3485206313338617,0.0006807043580739486,0.3485206313338617,0.0006807043580739486,0.0,0.0,0.3485206313338617,0.0006807043580739486,0.15441542083385684,0.15441542083385684,7.539815470403166e-05,0.0003791117392610843,0.6096336984383868,2560,2048,512,4.0,0
82,0.348520631335532,0.000680704358077211,0.3485206313338617,0.0006807043580739486,0.3485206313338617,0.0006807043580739486,0.0,0.0,0.3485206313338617,0.0006807043580739486,0.15441542083385684,0.15441542083385684,7.539815470403166e-05,0.0003791117392610843,1.7569592842366433,2560,2048,512,4.0,0
83,0.348520631335532,0.000680704358077211,0.3485206313338617,0.0006807043580739486,0.3485206313338617,0.0006807043580739486,0.0,0.0,0.3485206313338617,0.0006807043580739486,0.15441542083385684,0.15441542083385684,7.539815470403166e-05,0.0003791117392610843,4.562095072577563,2560,2048,512,4.0,0
84,0.348520631335532,0.000680704358077211,0.3485206313338617,0.0006807043580739486,0.3485206313338617,0.0006807043580739486,0.0,0.0,0.3485206313338617,0.0006807043580739486,0.15441542083385684,0.15441542083385684,7.539815470403166e-05,0.0003791117392610843,1.0196539289857185,2560,2048,512,4.0,0
85,0.348520631335532,0.000680704358077211,0.3485206313338617,0.0006807043580739486,0.3485206313338617,0.0006807043580739486,0.0,0.0,0.3485206313338617,0.0006807043580739486,0.15441542083385684,0.15441542083385684,7.539815470403166e-05,0.0003791117392610843,0.49518183330084753,2560,2048,512,4.0,0
86,0.348520631335532,0.000680704358077211,0.3485206313338617,0.0006807043580739486,0.3485206313338617,0.0006807043580739486,0.0,0.0,0.3485206313338617,0.0006807043580739486,0.15441542083385684,0.15441542083385684,7.539815470403166e-05,0.0003791117392610843,6.0,2560,2048,512,4.0,0
87,0.37087534114303367,0.0007243659006699876,0.3708753411463207,0.0007243659006764076,0.3708753411463207,0.0007243659006764076,0.0,0.0,0.3708753411463207,0.0007243659006764076,0.15441542083385684,0.15441542083385684,7.539815470403166e-05,0.000422773281853861,1.4247672145558283,2560,2048,512,4.0,0
88,0.2218445938477771,0.00043329022235893966,0.2215118434315041,0.00043264031920215644,0.2215118434315041,0.00043264031920215644,0.0,0.00033275041855063137,0.2215118434315041,0.00043264031920215644,0.006591278010063206,0.006258527591512575,3.0559216755432494e-06,0.00042041663249553496,0.19062106639111676,2560,2048,512,4.0,0
89,0.21237881339931164,0.00041480236992053054,0.21227088029235375,0.0004145915630710034,0.21227088029235375,0.0004145915630710034,0.0,0.00010793310698886671,0.21227088029235375,0.0004145915630710034,0.006510606899325921,0.006402673792337055,3.1263055626645775e-06,0.0004020863408202846,0.09652499521178015,2560,2048,512,4.0,0
90,0.348520631335532,0.000680704358077211,0.3485206313338617,0.0006807043580739486,0.3485206313338617,0.0006807043580739486,0.0,0.0,0.3485206313338617,0.0006807043580739486,0.15441542083385684,0.15441542083385684,7.539815470403166e-05,0.0003791117392610843,0.23227931677064362,2560,2048,512,4.0,0
91,0.348520631335532,0.000680704358077211,0.3485206313338617,0.0006807043580739486,0.3485206313338617,0.0006807043580739486,0.0,0.0,0.3485206313338617,0.0006807043580739486,0.15441542083385684,0.15441542083385684,7.539815470403166e-05,0.0003791117392610843,1.9747467943291497,2560,2048,512,4.0,0
92,0.348520631335532,0.000680704358077211,0.3485206313338617,0.0006807043580739486,0.3485206313338617,0.0006807043580739486,0.0,0.0,0.3485206313338617,0.0006807043580739486,0.15441542083385684,0.15441542083385684,7.539815470403166e-05,0.0003791117392610843,3.14119766306095,2560,2048,512,4.0,0
93,0.3658543424742504,0.0007145592626450203,0.3658543424730166,0.0007145592626426106,0.3658543424730166,0.0007145592626426106,0.0,0.0,0.3658543424730166,0.0007145592626426106,0.15441542083385684,0.15441542083385684,7.539815470403166e-05,0.0004129666438288937,1.096916415567307,2560,2048,512,4.0,0
94,0.23650097295032424,0.00046191596279360203,0.21335623675819756,0.0004167113999183546,0.21335623675819756,0.0004167113999183546,0.0,0.023144736190886306,0.21335623675819756,0.0004167113999183546,0.029392170449085597,0.0062474342581992914,3.0505050088863728e-06,0.0004045093798852317,0.13127068464297054,2560,2048,512,4.0,0
95,0.348520631335532,0.000680704358077211,0.3485206313338617,0.0006807043580739486,0.3485206313338617,0.0006807043580739486,0.0,0.0,0.3485206313338617,0.0006807043580739486,0.15441542083385684,0.15441542083385684,7.539815470403166e-05,0.0003791117392610843,0.9613019398967992,2560,2048,512,4.0,0
96,0.348520631335532,0.000680704358077211,0.3485206313338617,0.0006807043580739486,0.3485206313338617,0.0006807043580739486,0.0,0.0,0.3485206313338617,0.0006807043580739486,0.15441542083385684,0.15441542083385684,7.539815470403166e-05,0.0003791117392610843,6.0,2560,2048,512,4.0,0
97,0.348520631335532,0.000680704358077211,0.3485206313338617,0.0006807043580739486,0.3485206313338617,0.0006807043580739486,0.0,0.0,0.3485206313338617,0.0006807043580739486,0.15441542083385684,0.15441542083385684,7.539815470403166e-05,0.0003791117392610843,1.5062799707009447,2560,2048,512,4.0,0
98,0.348520631335532,0.000680704358077211,0.3485206313338617,0.0006807043580739486,0.3485206313338617,0.0006807043580739486,0.0,0.0,0.3485206313338617,0.0006807043580739486,0.15441542083385684,0.15441542083385684,7.539815470403166e-05,0.0003791117392610843,6.0,2560,2048,512,4.0,0
99,0.3658543424742504,0.0007145592626450203,0.3658543424730166,0.0007145592626426106,0.3658543424730166,0.0007145592626426106,0.0,0.0,0.3658543424730166,0.0007145592626426106,0.15441542083385684,0.15441542083385684,7.539815470403166e-05,0.0004129666438288937,3.9433954488624465,2560,2048,512,4.0,0
100,0.3446767821695289,0.0006731968401748611,0.21335623675819756,0.0004167113999183546,0.21335623675819756,0.0004167113999183546,0.0,0.13132054541009097,0.21335623675819756,0.0004167113999183546,0.13756797966829026,0.0062474342581992914,3.0505050088863728e-06,0.0004045093798852317,0.02309487542376587,2560,2048,512,4.0,0
101,0.348520631335532,0.000680704358077211,0.3485206313338617,0.0006807043580739486,0.3485206313338617,0.0006807043580739486,0.0,0.0,0.3485206313338617,0.0006807043580739486,0.15441542083385684,0.15441542083385684,7.539815470403166e-05,0.0003791117392610843,2.5510938613460894,2560,2048,512,4.0,0
102,0.348520631335532,0.000680704358077211,0.3485206313338617,0.0006807043580739486,0.3485206313338617,0.0006807043580739486,0.0,0.0,0.3485206313338617,0.0006807043580739486,0.15441542083385684,0.15441542083385684,7.539815470403166e-05,0.0003791117392610843,2.2895870429883587,2560,2048,512,4.0,0
103,0.348520631335532,0.000680704358077211,0.3485206313338617,0.0006807043580739486,0.3485206313338617,0.0006807043580739486,0.0,0.0,0.3485206313338617,0.0006807043580739486,0.15441542083385684,0.15441542083385684,7.539815470403166e-05,0.0003791117392610843,1.5399282915170147,2560,2048,512,4.0,0
104,0.348520631335532,0.000680704358077211,0.3485206313338617,0.0006807043580739486,0.3485206313338617,0.0006807043580739486,0.0,0.0,0.3485206313338617,0.0006807043580739486,0.15441542083385684,0.15441542083385684,7.539815470403166e-05,0.0003791117392610843,0.6207422395772824,2560,2048,512,4.0,0
105,0.35991657980616765,0.0007029620699339212,0.3599165798063505,0.0007029620699342783,0.3599165798063505,0.0007029620699342783,0.0,0.0,0.3599165798063505,0.0007029620699342783,0.15441542083385684,0.15441542083385684,7.539815470403166e-05,0.00040136945111779454,2.0486529710277352,2560,2048,512,4.0,0
106,0.20851479792233363,0.00040725546469205787,0.2082916794248676,0.0004068196863766945,0.2082916794248676,0.0004068196863766945,0.0,0.0002231184959384791,0.2082916794248676,0.0004068196863766945,0.0064865927541575275,0.006263474258219048,3.0583370401460197e-06,0.00039458633821909395,0.23655870819473535,2560,2048,512,4.0,0
107,0.348520631335532,0.000680704358077211,0.3485206313338617,0.0006807043580739486,0.3485206313338617,0.0006807043580739486,0.0,0.0,0.3485206313338617,0.0006807043580739486,0.15441542083385684,0.15441542083385684,7.539815470403166e-05,0.0003791117392610843,1.141028297169015,2560,2048,512,4.0,0
108,0.348520631335532,0.000680704358077211,0.3485206313338617,0.0006807043580739486,0.3485206313338617,0.0006807043580739486,0.0,0.0,0.3485206313338617,0.0006807043580739486,0.15441542083385684,0.15441542083385684,7.539815470403166e-05,0.0003791117392610843,1.2092607977286889,2560,2048,512,4.0,0
109,0.348520631335532,0.000680704358077211,0.3485206313338617,0.0006807043580739486,0.3485206313338617,0.0006807043580739486,0.0,0.0,0.3485206313338617,0.0006807043580739486,0.15441542083385684,0.15441542083385684,7.539815470403166e-05,0.0003791117392610843,6.0,2560,2048,512,4.0,0
110,0.348520631335532,0.000680704358077211,0.3485206313338617,0.0006807043580739486,0.3485206313338617,0.0006807043580739486,0.0,0.0,0.3485206313338617,0.0006807043580739486,0.15441542083385684,0.15441542083385684,7.539815470403166e-05,0.0003791117392610843,4.172576902771425,2560,2048,512,4.0,0
111,0.348520631335532,0.000680704358077211,0.3485206313338617,0.0006807043580739486,0.3485206313338617,0.0006807043580739486,0.0,0.0,0.3485206313338617,0.0006807043580739486,0.15441542083385684,0.15441542083385684,7.539815470403166e-05,0.0003791117392610843,0.6113908210052443,2560,2048,512,4.0,0
112,0.348520631335532,0.000680704358077211,0.3485206313338617,0.0006807043580739486,0.3485206313338617,0.0006807043580739486,0.0,0.0,0.3485206313338617,0.0006807043580739486,0.15441542083385684,0.15441542083385684,7.539815470403166e-05,0.0003791117392610843,1.3886401885098962,2560,2048,512,4.0,0
113,0.348520631335532,0.000680704358077211,0.3485206313338617,0.0006807043580739486,0.3485206313338617,0.0006807043580739486,0.0,0.0,0.3485206313338617,0.0006807043580739486,0.15441542083385684,0.15441542083385684,7.539815470403166e-05,0.0003791117392610843,0.3936164811151741,2560,2048,512,4.0,0
114,0.348520631335532,0.000680704358077211,0.3485206313338617,0.0006807043580739486,0.3485206313338617,0.0006807043580739486,0.0,0.0,0.3485206313338617,0.0006807043580739486,0.15441542083385684,0.15441542083385684,7.539815470403166e-05,0.0003791117392610843,4.875157150068475,2560,2048,512,4.0,0
115,0.348520631335532,0.000680704358077211,0.3485206313338617,0.0006807043580739486,0.3485206313338617,0.0006807043580739486,0.0,0.0,0.3485206313338617,0.0006807043580739486,0.15441542083385684,0.15441542083385684,7.539815470403166e-05,0.0003791117392610843,4.088435609095399,2560,2048,512,4.0,0
116,0.348520631335532,0.000680704358077211,0.3485206313338617,0.0006807043580739486,0.3485206313338617,0.0006807043580739486,0.0,0.0,0.3485206313338617,0.0006807043580739486,0.15441542083385684,0.15441542083385684,7.539815470403166e-05,0.0003791117392610843,0.7089113636432955,2560,2048,512,4.0,0
117,0.348520631335532,0.000680704358077211,0.3485206313338617,0.0006807043580739486,0.3485206313338617,0.0006807043580739486,0.0,0.0,0.3485206313338617,0.0006807043580739486,0.15441542083385684,0.15441542083385684,7.539815470403166e-05,0.0003791117392610843,2.037474854033121,2560,2048,512,4.0,0
118,0.35374593180804936,0.0006909100230625964,0.35374593180634817,0.0006909100230592738,0.35374593180634817,0.0006909100230592738,0.0,0.0,0.35374593180634817,0.0006909100230592738,0.15441542083385684,0.15441542083385684,7.539815470403166e-05,0.00038931740424646977,1.8779430726372368,2560,2048,512,4.0,0
119,0.20183614057469867,0.00039421121205995835,0.20153409275820136,0.00039362127491836203,0.20153409275820136,0.00039362127491836203,0.0,0.00030204781486986576,0.20153409275820136,0.00039362127491836203,0.0065871487397544115,0.006285100924884546,3.068896935978782e-06,0.0003813456871776255,0.33172967349688065,2560,2048,512,4.0,0
120,0.348520631335532,0.000680704358077211,0.3485206313338617,0.0006807043580739486,0.3485206313338617,0.0006807043580739486,0.0,0.0,0.3485206313338617,0.0006807043580739486,0.15441542083385684,0.15441542083385684,7.539815470403166e-05,0.0003791117392610843,2.875266261084107,2560,2048,512,4.0,0
121,0.348520631335532,0.000680704358077211,0.3485206313338617,0.0006807043580739486,0.3485206313338617,0.0006807043580739486,0.0,0.0,0.3485206313338617,0.0006807043580739486,0.15441542083385684,0.15441542083385684,7.539815470403166e-05,0.0003791117392610843,1.5503595306377633,2560,2048,512,4.0,0
122,0.348520631335532,0.000680704358077211,0.3485206313338617,0.0006807043580739486,0.3485206313338617,0.0006807043580739486,0.0,0.0,0.3485206313338617,0.0006807043580739486,0.15441542083385684,0.15441542083385684,7.539815470403166e-05,0.0003791117392610843,3.0158077244076082,2560,2048,512,4.0,0
123,0.3658543424742504,0.0007145592626450203,0.3658543424730166,0.0007145592626426106,0.3658543424730166,0.0007145592626426106,0.0,0.0,0.3658543424730166,0.0007145592626426106,0.15441542083385684,0.15441542083385684,7.539815470403166e-05,0.0004129666438288937,1.5115507231521406,2560,2048,512,4.0,0
124,0.36662753814746907,0.0007160694104442755,0.21335623675819756,0.0004167113999183546,0.21335623675819756,0.0004167113999183546,0.0,0.15327130138803113,0.21335623675819756,0.0004167113999183546,0.15951873564623043,0.0062474342581992914,3.0505050088863728e-06,0.0004045093798852317,0.0011441194458257087,2560,2048,512,4.0,0
125,0.3658543424742504,0.0007145592626450203,0.3658543424730166,0.0007145592626426106,0.3658543424730166,0.0007145592626426106,0.0,0.0,0.3658543424730166,0.0007145592626426106,0.15441542083385684,0.15441542083385684,7.539815470403166e-05,0.0004129666438288937,0.7835861662943273,2560,2048,512,4.0,0
126,0.3284338306536654,0.0006414723254954402,0.21335623675819756,0.0004167113999183546,0.21335623675819756,0.0004167113999183546,0.0,0.11507759389422745,0.21335623675819756,0.0004167113999183546,0.12132502815242674,0.0062474342581992914,3.0505050088863728e-06,0.0004045093798852317,0.039337826939629394,2560,2048,512,4.0,0
127,0.348520631335532,0.000680704358077211,0.3485206313338617,0.0006807043580739486,0.3485206313338617,0.0006807043580739486,0.0,0.0,0.3485206313338617,0.0006807043580739486,0.15441542083385684,0.15441542083385684,7.539815470403166e-05,0.0003791117392610843,5.292930657830851,2560,2048,512,4.0,0
